year,month,day,P,Temp
2007,1,1,0,25.5
2007,1,2,0,24.5
2007,1,3,0,29.75
2007,1,4,0,32.25
2007,1,5,0,32.5
2007,1,6,4.5,26.5
2007,1,7,2.6,20.5
2007,1,8,0,20.75
2007,1,9,0,21.75
2007,1,10,0,29.5
2007,1,11,0,23.25
2007,1,12,0,21
2007,1,13,0,21.25
2007,1,14,0,22.75
2007,1,15,0,25.25
2007,1,16,0,29.5
2007,1,17,0,25.75
2007,1,18,0,25.25
2007,1,19,3.5,24.75
2007,1,20,14.5,25.25
2007,1,21,9.8,17.5
2007,1,22,0,19.25
2007,1,23,0,20
2007,1,24,0,21.25
2007,1,25,0,23
2007,1,26,0,23.5
2007,1,27,0,19.25
2007,1,28,0,17.75
2007,1,29,0,21.75
2007,1,30,0,23
2007,1,31,0,24.5
2007,2,1,0,25.75
2007,2,2,0,27
2007,2,3,0,28.25
2007,2,4,0,31
2007,2,5,0,28.5
2007,2,6,0,22
2007,2,7,0,20
2007,2,8,0,20
2007,2,9,0,20.75
2007,2,10,0,20
2007,2,11,0,21.5
2007,2,12,0,23
2007,2,13,0,25.5
2007,2,14,0,24.75
2007,2,15,0,27.75
2007,2,16,0,32.25
2007,2,17,0,35.5
2007,2,18,0,34
2007,2,19,0,27.5
2007,2,20,0,28.5
2007,2,21,0,23.5
2007,2,22,0,24
2007,2,23,0,28
2007,2,24,0,26
2007,2,25,0,22.5
2007,2,26,0,21
2007,2,27,0,22
2007,2,28,0,25.75
2007,3,1,0,25.25
2007,3,2,0,31.5
2007,3,3,0.1,23.5
2007,3,4,0.1,20.5
2007,3,5,0,18.5
2007,3,6,0,20
2007,3,7,0,19
2007,3,8,0,20.25
2007,3,9,0,21
2007,3,10,0,25.75
2007,3,11,0,22.25
2007,3,12,0,19.5
2007,3,13,0,19.75
2007,3,14,0,25.5
2007,3,15,0,29.5
2007,3,16,0.2,24
2007,3,17,0,19
2007,3,18,0,22
2007,3,19,0,22.75
2007,3,20,5.6,20.75
2007,3,21,1.7,21.5
2007,3,22,0,27.5
2007,3,23,0,28.75
2007,3,24,14.4,17.5
2007,3,25,0,16
2007,3,26,0,17.75
2007,3,27,0,23.5
2007,3,28,3.9,18.75
2007,3,29,1.3,17
2007,3,30,0.2,17.75
2007,3,31,0,16.5
2007,4,1,0,18.25
2007,4,2,0,18.75
2007,4,3,0,19
2007,4,4,0,16.75
2007,4,5,0,16.75
2007,4,6,0,16.5
2007,4,7,0,18
2007,4,8,0,22.25
2007,4,9,0,25.5
2007,4,10,0,28.75
2007,4,11,0,24.75
2007,4,12,0,22.75
2007,4,13,0,24.75
2007,4,14,0,22.5
2007,4,15,0,17.5
2007,4,16,0,17
2007,4,17,0,19.75
2007,4,18,0,16.75
2007,4,19,0,18.5
2007,4,20,0,17.5
2007,4,21,1.3,18.75
2007,4,22,0.1,14.75
2007,4,23,0,17.75
2007,4,24,0,19.75
2007,4,25,0.1,20
2007,4,26,3.8,17.5
2007,4,27,25.6,18.25
2007,4,28,21,15.75
2007,4,29,23.6,17.25
2007,4,30,5.1,17.75
2007,5,1,0.1,20.25
2007,5,2,0,18.5
2007,5,3,9.9,18
2007,5,4,9,17
2007,5,5,0.3,18
2007,5,6,0.1,18.25
2007,5,7,0,19.25
2007,5,8,4.8,15
2007,5,9,0,14.25
2007,5,10,0,12.5
2007,5,11,0,13.25
2007,5,12,0,15.5
2007,5,13,0,17.5
2007,5,14,0,19.75
2007,5,15,3.9,18
2007,5,16,0.1,15.5
2007,5,17,0,16
2007,5,18,0.7,14.25
2007,5,19,4.7,14.75
2007,5,20,0.7,14.75
2007,5,21,3.3,14
2007,5,22,4.2,13.5
2007,5,23,3,13.75
2007,5,24,0.1,14.5
2007,5,25,0,15.25
2007,5,26,0,13.5
2007,5,27,0,13.5
2007,5,28,3.4,16.75
2007,5,29,1.8,14
2007,5,30,12.8,11
2007,5,31,2.2,12.75
2007,6,1,15.7,13
2007,6,2,11.3,12.25
2007,6,3,0,9.5
2007,6,4,2,10
2007,6,5,1.2,9.5
2007,6,6,0,10.5
2007,6,7,1,11.75
2007,6,8,0,11.25
2007,6,9,0.1,12.75
2007,6,10,0,10.25
2007,6,11,6.1,12.25
2007,6,12,0,10.5
2007,6,13,0,11.25
2007,6,14,0,7.5
2007,6,15,0,6.5
2007,6,16,0.1,6.5
2007,6,17,0,8
2007,6,18,0,8
2007,6,19,1.2,7
2007,6,20,0.3,8
2007,6,21,4.8,11
2007,6,22,0,7.75
2007,6,23,0,7.5
2007,6,24,0,8.5
2007,6,25,0,10.75
2007,6,26,3.8,9.75
2007,6,27,0,8.5
2007,6,28,0.5,12.25
2007,6,29,0.7,12.25
2007,6,30,0.3,10.5
2007,7,1,2.4,12
2007,7,2,0.4,11
2007,7,3,2,13.75
2007,7,4,1,12.5
2007,7,5,4.4,12.5
2007,7,6,2.8,12
2007,7,7,6.6,11.75
2007,7,8,3.6,9.75
2007,7,9,0.1,9.75
2007,7,10,0,9.25
2007,7,11,0.3,8.5
2007,7,12,0.3,9.5
2007,7,13,0.7,7.25
2007,7,14,0.1,7.75
2007,7,15,0,8
2007,7,16,0,10
2007,7,17,7.2,10
2007,7,18,2.2,7.25
2007,7,19,0,6.75
2007,7,20,0,8.25
2007,7,21,0,10.25
2007,7,22,0,8.5
2007,7,23,0,13.5
2007,7,24,0,13
2007,7,25,0,16
2007,7,26,0,12.25
2007,7,27,0.9,12.5
2007,7,28,2.6,11.25
2007,7,29,8.1,13.5
2007,7,30,0,11.75
2007,7,31,0.1,14.25
2007,8,1,0.4,13.5
2007,8,2,0.1,12.5
2007,8,3,3.3,9.5
2007,8,4,2.4,10.5
2007,8,5,1.9,12.25
2007,8,6,0.4,13.25
2007,8,7,0,13.75
2007,8,8,1.1,12.25
2007,8,9,0,13.25
2007,8,10,0,14.25
2007,8,11,0,14
2007,8,12,0.3,10.5
2007,8,13,0,8.25
2007,8,14,0,10
2007,8,15,0,12.75
2007,8,16,0,13.75
2007,8,17,2.2,11.75
2007,8,18,0,10.5
2007,8,19,0.1,9.75
2007,8,20,0,9.75
2007,8,21,0,10.25
2007,8,22,0,10.5
2007,8,23,0,11.5
2007,8,24,0,12.5
2007,8,25,0,13.5
2007,8,26,0,15.75
2007,8,27,0,18.75
2007,8,28,0,13
2007,8,29,0,12.5
2007,8,30,0,19.75
2007,8,31,2.2,13.25
2007,9,1,0,10.5
2007,9,2,0,10.25
2007,9,3,0,10.75
2007,9,4,0,10.5
2007,9,5,0,11.75
2007,9,6,0,18.5
2007,9,7,0.2,18.75
2007,9,8,0,20.5
2007,9,9,0,20.75
2007,9,10,0.7,14.25
2007,9,11,4.3,14
2007,9,12,0.3,14
2007,9,13,0,18
2007,9,14,6.7,13.75
2007,9,15,0.2,13
2007,9,16,0,15.75
2007,9,17,2.6,14
2007,9,18,0,17
2007,9,19,0,15.75
2007,9,20,0.4,11.75
2007,9,21,0,14.75
2007,9,22,0,20.5
2007,9,23,0,19.25
2007,9,24,0,14.5
2007,9,25,0.4,20
2007,9,26,7.6,15.5
2007,9,27,0.4,16.25
2007,9,28,1.8,14.5
2007,9,29,2.5,14
2007,9,30,0.1,16.25
2007,10,1,0.1,14.75
2007,10,2,0,19.75
2007,10,3,0,15.75
2007,10,4,0,14
2007,10,5,0,16.5
2007,10,6,0,12.25
2007,10,7,0,13.25
2007,10,8,0,12.75
2007,10,9,0,15.75
2007,10,10,0,24.25
2007,10,11,1.5,16.5
2007,10,12,2,12.75
2007,10,13,0.2,13.5
2007,10,14,0,15
2007,10,15,0,20.5
2007,10,16,0,14.75
2007,10,17,0,16
2007,10,18,0,23
2007,10,19,0,15.75
2007,10,20,0,24
2007,10,21,0,29.5
2007,10,22,0.1,20.25
2007,10,23,6.7,17.5
2007,10,24,0.1,15.75
2007,10,25,0,16.5
2007,10,26,0,16.5
2007,10,27,0,22.5
2007,10,28,8.2,15
2007,10,29,0.1,15.75
2007,10,30,0,15.5
2007,10,31,3.2,18
2007,11,1,0.1,19.75
2007,11,2,4.4,15.75
2007,11,3,10.2,15
2007,11,4,0.5,12.75
2007,11,5,0,15
2007,11,6,0,16.25
2007,11,7,0,19.5
2007,11,8,0,22.5
2007,11,9,0,22.5
2007,11,10,0,22.5
2007,11,11,0,21
2007,11,12,0,22.5
2007,11,13,0,24.25
2007,11,14,0,24.5
2007,11,15,0,23.5
2007,11,16,0,27.5
2007,11,17,0,24.5
2007,11,18,0,23
2007,11,19,0,27.75
2007,11,20,0,24.75
2007,11,21,3.3,17.25
2007,11,22,0,18
2007,11,23,0,17.75
2007,11,24,0,19.25
2007,11,25,0,21.25
2007,11,26,0,21.5
2007,11,27,0,25
2007,11,28,0,25.25
2007,11,29,0,24.5
2007,11,30,0,23
2007,12,1,0,23.75
2007,12,2,0,24.25
2007,12,3,0,19.75
2007,12,4,0,19.25
2007,12,5,0,20.5
2007,12,6,0,27
2007,12,7,0,20.25
2007,12,8,0,19
2007,12,9,0,18.75
2007,12,10,0,15.5
2007,12,11,0,16.5
2007,12,12,0,20.75
2007,12,13,0,28.5
2007,12,14,0,29.75
2007,12,15,1.5,19.75
2007,12,16,0,18.75
2007,12,17,0,21.5
2007,12,18,0,26
2007,12,19,0.2,28.5
2007,12,20,0.1,24.75
2007,12,21,2.3,21
2007,12,22,21.8,15.75
2007,12,23,1.5,14.25
2007,12,24,0,18.75
2007,12,25,0,19.75
2007,12,26,0,22
2007,12,27,0,21.75
2007,12,28,0,25.75
2007,12,29,0,28.25
2007,12,30,0,29.5
2007,12,31,0,35
2008,1,1,0,31
2008,1,2,0,24.25
2008,1,3,0,23.5
2008,1,4,0,28.25
2008,1,5,0,31
2008,1,6,0,23.25
2008,1,7,0,20.75
2008,1,8,0,21.5
2008,1,9,0,25.5
2008,1,10,0,30.5
2008,1,11,0,25
2008,1,12,0,18.25
2008,1,13,0.3,21
2008,1,14,0.1,20.5
2008,1,15,0,24.25
2008,1,16,0,21.75
2008,1,17,0,20.75
2008,1,18,0,24.5
2008,1,19,10.8,25
2008,1,20,0,21.75
2008,1,21,0,20
2008,1,22,0,21.5
2008,1,23,0,23.5
2008,1,24,3.5,24.25
2008,1,25,0,25.25
2008,1,26,0,26.75
2008,1,27,0,21
2008,1,28,0,21.5
2008,1,29,0,23.5
2008,1,30,0,26.25
2008,1,31,0,25.75
2008,2,1,0,25.25
2008,2,2,0,25.75
2008,2,3,0,27
2008,2,4,0,27
2008,2,5,0,21
2008,2,6,0,19
2008,2,7,0,19
2008,2,8,0.1,15.75
2008,2,9,0,16.75
2008,2,10,0,20
2008,2,11,0,21
2008,2,12,0,21.25
2008,2,13,0,18.75
2008,2,14,0,20.75
2008,2,15,0,24.25
2008,2,16,0,29.25
2008,2,17,0,31
2008,2,18,0,30
2008,2,19,0,31.75
2008,2,20,0.3,19.5
2008,2,21,0,23.25
2008,2,22,0,19.75
2008,2,23,0.6,17
2008,2,24,0,19
2008,2,25,0,17.5
2008,2,26,0,20.25
2008,2,27,0,18.75
2008,2,28,0,18.25
2008,2,29,1.7,16.75
2008,3,1,0,19.5
2008,3,2,0,22
2008,3,3,0,24.75
2008,3,4,0,27.75
2008,3,5,0,30.75
2008,3,6,0,28.25
2008,3,7,0,28.25
2008,3,8,0,29.25
2008,3,9,0,32.5
2008,3,10,0,30.25
2008,3,11,0,28.75
2008,3,12,0,29.5
2008,3,13,0,30.75
2008,3,14,0,33.25
2008,3,15,0,29.75
2008,3,16,0,32
2008,3,17,0,32
2008,3,18,0,24.75
2008,3,19,0,21
2008,3,20,0,17.5
2008,3,21,0,16.5
2008,3,22,0,18.5
2008,3,23,0,19.25
2008,3,24,0,20.5
2008,3,25,3.6,18
2008,3,26,1.9,16.75
2008,3,27,0,12.75
2008,3,28,0,13.75
2008,3,29,2.1,14.75
2008,3,30,0.2,15.25
2008,3,31,2.4,17.5
2008,4,1,0,18.75
2008,4,2,2.2,18.25
2008,4,3,1.3,14.5
2008,4,4,0.7,15.75
2008,4,5,0,16.5
2008,4,6,0,20.25
2008,4,7,0,21.25
2008,4,8,0,20.25
2008,4,9,0.5,23.75
2008,4,10,0.2,20
2008,4,11,0,17.5
2008,4,12,3.7,15
2008,4,13,0,16.25
2008,4,14,0,14.75
2008,4,15,0,15
2008,4,16,0,18
2008,4,17,0,15.5
2008,4,18,0,16.25
2008,4,19,0,21
2008,4,20,0,21
2008,4,21,0,20.25
2008,4,22,0,18.75
2008,4,23,0,17.5
2008,4,24,0,17.75
2008,4,25,0,17
2008,4,26,7.3,14.5
2008,4,27,18.4,9.75
2008,4,28,2.5,12
2008,4,29,0.4,12.75
2008,4,30,1.1,14.5
2008,5,1,1.9,16
2008,5,2,0.1,14.5
2008,5,3,0.1,14.75
2008,5,4,0,16.5
2008,5,5,0,15.25
2008,5,6,0,15.5
2008,5,7,5.8,15.75
2008,5,8,0,15.25
2008,5,9,0,13.25
2008,5,10,0,13.75
2008,5,11,0,14.5
2008,5,12,0,14.75
2008,5,13,0,15.5
2008,5,14,0,17
2008,5,15,0,18.25
2008,5,16,0,13
2008,5,17,30.5,11.5
2008,5,18,4.6,14
2008,5,19,1.3,14.75
2008,5,20,3.1,15.5
2008,5,21,12,15
2008,5,22,0,13.5
2008,5,23,0,12.75
2008,5,24,0,14.5
2008,5,25,0,16.5
2008,5,26,0.1,14
2008,5,27,6.1,12.5
2008,5,28,0,12.25
2008,5,29,0,12.75
2008,5,30,0,14.75
2008,5,31,0,13.5
2008,6,1,0,13.5
2008,6,2,0,12.25
2008,6,3,0,13.25
2008,6,4,0,11.75
2008,6,5,0.1,14.25
2008,6,6,0,13.75
2008,6,7,0.1,12
2008,6,8,0,11
2008,6,9,2.4,14.5
2008,6,10,0.5,13.75
2008,6,11,0.6,13.75
2008,6,12,0,13
2008,6,13,6.1,12.75
2008,6,14,0,9.5
2008,6,15,0,11.5
2008,6,16,0,11.25
2008,6,17,0,13.5
2008,6,18,0,12.25
2008,6,19,2.7,12.25
2008,6,20,0,9
2008,6,21,2.4,12
2008,6,22,0.8,10.25
2008,6,23,0,12.75
2008,6,24,0,12.75
2008,6,25,0,11.5
2008,6,26,0.3,13.25
2008,6,27,0,11.75
2008,6,28,0,13.5
2008,6,29,0.7,14.25
2008,6,30,3.6,12.5
2008,7,1,2.4,12.5
2008,7,2,4,14
2008,7,3,0,10.25
2008,7,4,0,10.5
2008,7,5,0,11.5
2008,7,6,0.3,13.5
2008,7,7,8.2,9.5
2008,7,8,8.3,9
2008,7,9,0.7,11.5
2008,7,10,8,10.5
2008,7,11,0.6,10
2008,7,12,0.2,10.75
2008,7,13,0,12.75
2008,7,14,1.1,12.75
2008,7,15,2.3,12.75
2008,7,16,0.4,9.25
2008,7,17,0,11.75
2008,7,18,0.7,10.5
2008,7,19,0.1,13
2008,7,20,1,10.25
2008,7,21,3.9,9.5
2008,7,22,0,9.75
2008,7,23,0,9.5
2008,7,24,0,6.75
2008,7,25,0,8.75
2008,7,26,0,10.5
2008,7,27,0.1,6.5
2008,7,28,0,6.25
2008,7,29,0,7.5
2008,7,30,2.1,12.25
2008,7,31,0.9,12.75
2008,8,1,0.6,12
2008,8,2,3.8,11
2008,8,3,0,11.5
2008,8,4,2.4,11.5
2008,8,5,2.7,10
2008,8,6,2.3,9.5
2008,8,7,10.9,9.5
2008,8,8,0,10.75
2008,8,9,6.3,8.25
2008,8,10,11.5,8
2008,8,11,2.9,8.5
2008,8,12,1.8,9.5
2008,8,13,1.4,10
2008,8,14,0,8.25
2008,8,15,0.5,11
2008,8,16,3.8,10
2008,8,17,2.2,9.75
2008,8,18,0,10
2008,8,19,0.1,10.25
2008,8,20,0,11.25
2008,8,21,2.3,10.75
2008,8,22,1.1,7.5
2008,8,23,0.5,7.5
2008,8,24,0,8
2008,8,25,0,10.5
2008,8,26,0,9.5
2008,8,27,0,9.25
2008,8,28,0,11
2008,8,29,0,10.75
2008,8,30,3.8,15
2008,8,31,5.3,12.25
2008,9,1,0.6,11.25
2008,9,2,1.1,12
2008,9,3,0,12
2008,9,4,0,12.5
2008,9,5,0,10.5
2008,9,6,0,13.75
2008,9,7,2.6,12.75
2008,9,8,1.6,12.5
2008,9,9,0,11.5
2008,9,10,0,15.5
2008,9,11,1.2,18.5
2008,9,12,0,15.25
2008,9,13,0,19
2008,9,14,3.4,13.75
2008,9,15,1.5,12
2008,9,16,3.5,9.75
2008,9,17,0,12.75
2008,9,18,0,18.5
2008,9,19,0,15.25
2008,9,20,1.1,13.25
2008,9,21,0,14
2008,9,22,0.4,14.5
2008,9,23,7,12
2008,9,24,0,12
2008,9,25,0,15.25
2008,9,26,0,20
2008,9,27,0,22.25
2008,9,28,0,15
2008,9,29,0.3,13
2008,9,30,0,13.75
2008,10,1,0,21.75
2008,10,2,0.2,19.25
2008,10,3,0,15.25
2008,10,4,1.8,11.5
2008,10,5,0,13.75
2008,10,6,1.3,13.5
2008,10,7,0,11.25
2008,10,8,0.2,12.75
2008,10,9,0.4,14
2008,10,10,0,16.5
2008,10,11,0,18.5
2008,10,12,0,22.25
2008,10,13,0,16.75
2008,10,14,0,12.5
2008,10,15,0,12.75
2008,10,16,0,17
2008,10,17,0,21
2008,10,18,0,24.25
2008,10,19,0,17.5
2008,10,20,0,14
2008,10,21,0,13.25
2008,10,22,0,15
2008,10,23,0,17.75
2008,10,24,0,23
2008,10,25,0,25.25
2008,10,26,0,20.75
2008,10,27,0.5,17.25
2008,10,28,0.2,16
2008,10,29,0,20.5
2008,10,30,0.3,24.5
2008,10,31,0,17.75
2008,11,1,0,19.5
2008,11,2,1.2,21
2008,11,3,0.3,17
2008,11,4,0,18.75
2008,11,5,0.1,20
2008,11,6,0,21.25
2008,11,7,0,21
2008,11,8,2.3,16.25
2008,11,9,0.3,17.25
2008,11,10,0,19.5
2008,11,11,0.1,26
2008,11,12,0,28.75
2008,11,13,0,24.25
2008,11,14,0,17.5
2008,11,15,0,14.75
2008,11,16,0,15.75
2008,11,17,0,20.25
2008,11,18,2.2,19.25
2008,11,19,0,21
2008,11,20,0.6,17.25
2008,11,21,0,16.5
2008,11,22,5.2,13.25
2008,11,23,0.2,14.5
2008,11,24,0,21
2008,11,25,0,25.25
2008,11,26,0,21.75
2008,11,27,0,20.25
2008,11,28,1.4,18
2008,11,29,0.2,16.5
2008,11,30,0,17.75
2008,12,1,0,17
2008,12,2,0,17.25
2008,12,3,0,18
2008,12,4,0,20.75
2008,12,5,0.2,21.25
2008,12,6,0,17
2008,12,7,0.2,16.5
2008,12,8,0,18.75
2008,12,9,3.5,22.25
2008,12,10,0,21.5
2008,12,11,0,23
2008,12,12,11.7,19
2008,12,13,21.8,17.75
2008,12,14,1.4,16.25
2008,12,15,0,16.75
2008,12,16,0,21
2008,12,17,0,24
2008,12,18,0,19.5
2008,12,19,0,17.25
2008,12,20,0,22.5
2008,12,21,0,27.25
2008,12,22,0,22
2008,12,23,0,21
2008,12,24,0,21.5
2008,12,25,0,22.5
2008,12,26,0,25.5
2008,12,27,2.3,21.75
2008,12,28,0,20.75
2008,12,29,0,19.25
2008,12,30,0,20.25
2008,12,31,0,19
2009,1,1,0,19.75
2009,1,2,0,19
2009,1,3,0,21.25
2009,1,4,0,23.75
2009,1,5,0,21.75
2009,1,6,0,22.25
2009,1,7,0,20.5
2009,1,8,0,18.5
2009,1,9,0,19.75
2009,1,10,0,20
2009,1,11,0,20.75
2009,1,12,0,24.5
2009,1,13,0,31.25
2009,1,14,0,24.75
2009,1,15,0,20.5
2009,1,16,0,19.75
2009,1,17,0,19
2009,1,18,0,24.5
2009,1,19,0,28
2009,1,20,0,26.75
2009,1,21,0,22.75
2009,1,22,0,22.75
2009,1,23,0,20.75
2009,1,24,0.2,21.25
2009,1,25,0,21.25
2009,1,26,0,25.5
2009,1,27,0,31
2009,1,28,0,35.25
2009,1,29,0,38.5
2009,1,30,0,34.75
2009,1,31,0,33
2009,2,1,0,33
2009,2,2,0,33.25
2009,2,3,0,28
2009,2,4,0,25.25
2009,2,5,0,25.75
2009,2,6,0,31.5
2009,2,7,0,33.25
2009,2,8,0.5,22.5
2009,2,9,0,19.25
2009,2,10,0,17
2009,2,11,0,17.25
2009,2,12,0.1,17.75
2009,2,13,0,22
2009,2,14,0,24.25
2009,2,15,0,23
2009,2,16,0,25.75
2009,2,17,0,27
2009,2,18,0,29
2009,2,19,0,26
2009,2,20,0,20.75
2009,2,21,0,22.25
2009,2,22,0,22
2009,2,23,0,21.5
2009,2,24,0,20.5
2009,2,25,0,24.5
2009,2,26,0,28.25
2009,2,27,0,28.25
2009,2,28,0,21.25
2009,3,1,0,19.5
2009,3,2,0,22.75
2009,3,3,1.4,22.75
2009,3,4,11.2,18.5
2009,3,5,0.5,18.25
2009,3,6,0,18.25
2009,3,7,0,18.75
2009,3,8,0,20.75
2009,3,9,0,22.25
2009,3,10,0,22
2009,3,11,0,21.5
2009,3,12,0,23
2009,3,13,0.1,23.5
2009,3,14,0.1,20.25
2009,3,15,0,17.75
2009,3,16,5.8,17.75
2009,3,17,0.6,19
2009,3,18,0,20.5
2009,3,19,0,20.5
2009,3,20,0,20.75
2009,3,21,0,26
2009,3,22,0,18.75
2009,3,23,0,17.75
2009,3,24,0.2,18.25
2009,3,25,1.1,20.5
2009,3,26,0,20
2009,3,27,0,16.75
2009,3,28,0,19
2009,3,29,0,20.75
2009,3,30,0,23
2009,3,31,0,26.5
2009,4,1,0,26.75
2009,4,2,0,27.5
2009,4,3,0,19.5
2009,4,4,0,15.75
2009,4,5,1.6,18.25
2009,4,6,0,15.5
2009,4,7,0,17.25
2009,4,8,0,16.25
2009,4,9,0,15.5
2009,4,10,0,15
2009,4,11,0,17.25
2009,4,12,0,18.75
2009,4,13,0,19.25
2009,4,14,0,18
2009,4,15,0,15.5
2009,4,16,0,15.75
2009,4,17,0.9,18.75
2009,4,18,0.1,16.5
2009,4,19,0,17.5
2009,4,20,0,18
2009,4,21,0,20.25
2009,4,22,0,20.5
2009,4,23,0,21.25
2009,4,24,22.9,16
2009,4,25,14.5,17
2009,4,26,16.1,13.25
2009,4,27,17,15.25
2009,4,28,4,12.25
2009,4,29,0.1,15
2009,4,30,0.1,13.75
2009,5,1,0,13.5
2009,5,2,5.8,13.25
2009,5,3,0.1,12
2009,5,4,0,13.25
2009,5,5,0,13.25
2009,5,6,0,14
2009,5,7,0,15.25
2009,5,8,0,13.25
2009,5,9,0,14
2009,5,10,0,15
2009,5,11,0,12.5
2009,5,12,0,12.25
2009,5,13,3.9,13
2009,5,14,1.1,14.5
2009,5,15,0.8,15.5
2009,5,16,7.1,16.75
2009,5,17,0.2,14.75
2009,5,18,0.4,16
2009,5,19,0,13.5
2009,5,20,0,13
2009,5,21,0,17
2009,5,22,0,16
2009,5,23,0,18.25
2009,5,24,7.7,16.25
2009,5,25,15.3,16
2009,5,26,2.5,12.25
2009,5,27,0,11.25
2009,5,28,0.1,11
2009,5,29,0,9.5
2009,5,30,0,10
2009,5,31,0,13.25
2009,6,1,0,11.5
2009,6,2,0.4,11.75
2009,6,3,2,11
2009,6,4,0,11.5
2009,6,5,0,11.5
2009,6,6,4.2,12.5
2009,6,7,7.2,12.25
2009,6,8,5,11.5
2009,6,9,14.5,11.75
2009,6,10,0.3,9.5
2009,6,11,0,9.25
2009,6,12,0.1,10.75
2009,6,13,3.6,12.5
2009,6,14,0.4,11.25
2009,6,15,2.8,11.25
2009,6,16,0.1,12
2009,6,17,0.1,11.75
2009,6,18,0,10
2009,6,19,0,11.5
2009,6,20,0,13.25
2009,6,21,0.9,11
2009,6,22,0.7,12.75
2009,6,23,0,11.25
2009,6,24,2.4,11.5
2009,6,25,1.4,12.25
2009,6,26,2.5,12.5
2009,6,27,0.6,12.75
2009,6,28,0.1,13.5
2009,6,29,0,13.75
2009,6,30,0,15.5
2009,7,1,5.2,12.75
2009,7,2,20.1,12.25
2009,7,3,5.7,13.75
2009,7,4,0.8,13.75
2009,7,5,0,10
2009,7,6,0,7.5
2009,7,7,0,6.75
2009,7,8,0,10.75
2009,7,9,0,11.25
2009,7,10,1.7,13.75
2009,7,11,10.4,14.75
2009,7,12,0,13
2009,7,13,3.6,11.75
2009,7,14,17.5,10
2009,7,15,6.6,8.75
2009,7,16,20.1,11.5
2009,7,17,0,11
2009,7,18,0,12.5
2009,7,19,0,13.5
2009,7,20,0,15.5
2009,7,21,0,15.75
2009,7,22,1.7,11.75
2009,7,23,4.8,8
2009,7,24,0,10.5
2009,7,25,0,11.25
2009,7,26,0,10.75
2009,7,27,2.3,11
2009,7,28,3.8,11.75
2009,7,29,2.4,12
2009,7,30,4.5,12.75
2009,7,31,3.6,11.5
2009,8,1,0.2,12.25
2009,8,2,0,11.5
2009,8,3,0,9.75
2009,8,4,0,12
2009,8,5,0,13.5
2009,8,6,0,14.75
2009,8,7,1,12.75
2009,8,8,0,9.75
2009,8,9,0.2,11
2009,8,10,0.7,14
2009,8,11,1.5,12.75
2009,8,12,0,12.75
2009,8,13,0,11
2009,8,14,0,12.75
2009,8,15,0,19.25
2009,8,16,3.3,14
2009,8,17,4,12.75
2009,8,18,0,13.25
2009,8,19,0,15.25
2009,8,20,0,15.25
2009,8,21,1.4,14.25
2009,8,22,0.1,12
2009,8,23,0.1,13
2009,8,24,3,12.25
2009,8,25,11.5,12
2009,8,26,3.5,12.5
2009,8,27,0,11.75
2009,8,28,0.1,14.5
2009,8,29,8.5,14.5
2009,8,30,4.5,11.75
2009,8,31,2.7,13.25
2009,9,1,4,13.5
2009,9,2,0.3,15.75
2009,9,3,0.1,12.75
2009,9,4,0.7,12.75
2009,9,5,0.3,12.25
2009,9,6,0,13.75
2009,9,7,1.5,14
2009,9,8,0.1,11.75
2009,9,9,0,12.75
2009,9,10,0.3,12.75
2009,9,11,0,21.5
2009,9,12,0,20.75
2009,9,13,1.3,15.5
2009,9,14,0.1,10.75
2009,9,15,0.2,13.75
2009,9,16,0,20
2009,9,17,9.1,15.75
2009,9,18,0.1,13.25
2009,9,19,1.1,16
2009,9,20,0.1,12.5
2009,9,21,0,12.25
2009,9,22,14.8,13
2009,9,23,6.3,13.25
2009,9,24,0.2,15.25
2009,9,25,6.6,13
2009,9,26,10.6,11.25
2009,9,27,0.3,12.25
2009,9,28,0.5,12.25
2009,9,29,0.1,15.5
2009,9,30,0,21
2009,10,1,0,14
2009,10,2,0,13
2009,10,3,0.7,12.75
2009,10,4,0,12.25
2009,10,5,0,13.5
2009,10,6,0,11
2009,10,7,0,10.25
2009,10,8,0,11.5
2009,10,9,0,11.75
2009,10,10,0,13.75
2009,10,11,0,21
2009,10,12,0.2,14.5
2009,10,13,12,13.75
2009,10,14,12.1,14.25
2009,10,15,2.7,14
2009,10,16,2.4,12.75
2009,10,17,0.2,13
2009,10,18,0,12.5
2009,10,19,0,17
2009,10,20,0,22
2009,10,21,0,17.5
2009,10,22,0,17.25
2009,10,23,0,19
2009,10,24,0.1,20.5
2009,10,25,0,15.25
2009,10,26,0,15.5
2009,10,27,0,17.75
2009,10,28,0,21.5
2009,10,29,0,24.25
2009,10,30,0,26.75
2009,10,31,0,22.5
2009,11,1,0,24.75
2009,11,2,0,31
2009,11,3,0.3,16.75
2009,11,4,0,16.5
2009,11,5,0.1,15
2009,11,6,0,20.25
2009,11,7,0,24.25
2009,11,8,0,30
2009,11,9,0,30.75
2009,11,10,0,29.75
2009,11,11,0,30.25
2009,11,12,0,30.25
2009,11,13,0,28.5
2009,11,14,0,29.5
2009,11,15,0,28.5
2009,11,16,0,26.25
2009,11,17,0,22.75
2009,11,18,0,28.5
2009,11,19,0,29.5
2009,11,20,0,26
2009,11,21,3.6,21
2009,11,22,7.6,18.5
2009,11,23,0.2,16.5
2009,11,24,0,18
2009,11,25,0,24.25
2009,11,26,2.5,23
2009,11,27,0,25.75
2009,11,28,11.4,17.5
2009,11,29,6.1,18.5
2009,11,30,0,18.25
2009,12,1,0,19.25
2009,12,2,0,22.75
2009,12,3,0,20.5
2009,12,4,0,15.5
2009,12,5,0,16.5
2009,12,6,0,18.5
2009,12,7,0,20.75
2009,12,8,4.5,18
2009,12,9,0,16.25
2009,12,10,0,17.5
2009,12,11,2.9,16.5
2009,12,12,0,17.75
2009,12,13,0,18.75
2009,12,14,0,23.25
2009,12,15,0,28.5
2009,12,16,0,31
2009,12,17,5.1,20.75
2009,12,18,0.9,16.25
2009,12,19,0,20.25
2009,12,20,0,20.75
2009,12,21,0,23
2009,12,22,0,25.5
2009,12,23,0,32.5
2009,12,24,0,23.5
2009,12,25,0,19.5
2009,12,26,0,20
2009,12,27,0,22
2009,12,28,0,22.75
2009,12,29,0,25.25
2009,12,30,0,28.75
2009,12,31,0,33.25
2010,1,1,0,22.5
2010,1,2,0,20.25
2010,1,3,0,19.25
2010,1,4,0,22.25
2010,1,5,0,22.75
2010,1,6,0,23.75
2010,1,7,0,25.5
2010,1,8,0,31.5
2010,1,9,0,30.25
2010,1,10,0,32.25
2010,1,11,0,35
2010,1,12,7.2,22
2010,1,13,5.1,20.25
2010,1,14,0,20.25
2010,1,15,0,22.75
2010,1,16,0,21
2010,1,17,0,19.5
2010,1,18,0.1,18.5
2010,1,19,0,18.25
2010,1,20,0,23
2010,1,21,0,30.5
2010,1,22,0,30.75
2010,1,23,0,22.75
2010,1,24,0,21
2010,1,25,0,24
2010,1,26,0,26
2010,1,27,0,25.25
2010,1,28,0,25
2010,1,29,0,22
2010,1,30,0.2,26.5
2010,1,31,0,24.75
2010,2,1,0,24
2010,2,2,0,26.5
2010,2,3,0.1,27.75
2010,2,4,0.6,25.75
2010,2,5,0.1,19.75
2010,2,6,0,21
2010,2,7,0,24
2010,2,8,0,30.75
2010,2,9,0,32.5
2010,2,10,0,30.75
2010,2,11,0,25.5
2010,2,12,0.7,21.75
2010,2,13,0,23.75
2010,2,14,0,24.75
2010,2,15,0,22
2010,2,16,0,24.25
2010,2,17,0,25.75
2010,2,18,0,26
2010,2,19,0,26.5
2010,2,20,0,29.25
2010,2,21,0,23.75
2010,2,22,0,22.25
2010,2,23,0,20.25
2010,2,24,0,22
2010,2,25,0,25.75
2010,2,26,0,26.5
2010,2,27,0,23.75
2010,2,28,0,20.25
2010,3,1,0,19
2010,3,2,0,20.5
2010,3,3,0,23.5
2010,3,4,0,25.25
2010,3,5,0,21.25
2010,3,6,0,19.75
2010,3,7,4.5,19
2010,3,8,13.4,19.25
2010,3,9,0.3,18.5
2010,3,10,0.1,17
2010,3,11,0,17.5
2010,3,12,0,21.75
2010,3,13,0,24.75
2010,3,14,0,26
2010,3,15,0.2,24
2010,3,16,0.1,24.75
2010,3,17,0,27.5
2010,3,18,0,28.25
2010,3,19,2.8,22.75
2010,3,20,0,22
2010,3,21,0.1,23.5
2010,3,22,0.1,18.75
2010,3,23,0,17.5
2010,3,24,0,20.75
2010,3,25,0,22.75
2010,3,26,0,23.5
2010,3,27,0,24
2010,3,28,0,22.5
2010,3,29,5.9,21
2010,3,30,0,18.75
2010,3,31,0,19.5
2010,4,1,0,20.75
2010,4,2,0,21.5
2010,4,3,0,19.5
2010,4,4,0,22.25
2010,4,5,0,25.5
2010,4,6,13.9,21.25
2010,4,7,0.5,19.5
2010,4,8,0,20.5
2010,4,9,3.5,20.5
2010,4,10,0.6,19
2010,4,11,1.3,17.25
2010,4,12,0,13.5
2010,4,13,0,14
2010,4,14,0,15.5
2010,4,15,0,16.75
2010,4,16,0,17.25
2010,4,17,0,21
2010,4,18,2.3,22
2010,4,19,0.3,20
2010,4,20,0,21.25
2010,4,21,2.3,21
2010,4,22,0.1,23.25
2010,4,23,0,23
2010,4,24,0.4,19.5
2010,4,25,2.3,16.5
2010,4,26,0.1,16
2010,4,27,3.4,17.5
2010,4,28,0.1,13.75
2010,4,29,1.4,16.75
2010,4,30,0,15.5
2010,5,1,0,18.5
2010,5,2,0,16.5
2010,5,3,0,20.5
2010,5,4,3.5,16.75
2010,5,5,1.3,13.75
2010,5,6,3.3,15
2010,5,7,0.1,15.5
2010,5,8,0.2,17.5
2010,5,9,0,16.5
2010,5,10,0,17.5
2010,5,11,1.4,14
2010,5,12,0,11.25
2010,5,13,0,11.5
2010,5,14,0,12.5
2010,5,15,0,11.5
2010,5,16,0,14
2010,5,17,0,12.5
2010,5,18,0,12.5
2010,5,19,0,13.5
2010,5,20,0,15.5
2010,5,21,0,12.75
2010,5,22,0,13.25
2010,5,23,0,14.25
2010,5,24,5.8,15.75
2010,5,25,16.3,15.5
2010,5,26,0.1,16.25
2010,5,27,0,13.75
2010,5,28,0,15
2010,5,29,10.9,13.5
2010,5,30,4.5,14.5
2010,5,31,1.4,13
2010,6,1,0,12.75
2010,6,2,0,11.75
2010,6,3,0,10.75
2010,6,4,0,10
2010,6,5,0.1,12.25
2010,6,6,1.4,8.5
2010,6,7,0.6,10.25
2010,6,8,0.2,10.5
2010,6,9,4.5,12.5
2010,6,10,3,10.75
2010,6,11,1.3,13
2010,6,12,0.1,10.25
2010,6,13,0,8.25
2010,6,14,0,7.75
2010,6,15,0,7.75
2010,6,16,0.2,11.75
2010,6,17,4.7,13.75
2010,6,18,0.7,12.25
2010,6,19,3.5,14.25
2010,6,20,3.6,14.75
2010,6,21,0.2,10.75
2010,6,22,0,13.25
2010,6,23,0,12.5
2010,6,24,0,13.75
2010,6,25,7,13
2010,6,26,3,9
2010,6,27,0.2,7.5
2010,6,28,0,9.75
2010,6,29,10.2,10.75
2010,6,30,7.7,9.25
2010,7,1,0,7.25
2010,7,2,0.1,7.5
2010,7,3,0,9.25
2010,7,4,0.1,8.75
2010,7,5,0,8.25
2010,7,6,0,7.75
2010,7,7,0,11
2010,7,8,0,9.75
2010,7,9,0,8.75
2010,7,10,6.7,13.25
2010,7,11,0.1,12.25
2010,7,12,0,11.25
2010,7,13,1.2,14.5
2010,7,14,8.9,12
2010,7,15,2.1,11.75
2010,7,16,0.1,11.5
2010,7,17,0,11.75
2010,7,18,1.1,9.75
2010,7,19,6,10.25
2010,7,20,4.2,10.25
2010,7,21,0.3,8.25
2010,7,22,0,8
2010,7,23,0,9.75
2010,7,24,0,10
2010,7,25,0,8.5
2010,7,26,0,9.5
2010,7,27,0,10
2010,7,28,0,12.75
2010,7,29,9.6,13.5
2010,7,30,0,13.75
2010,7,31,2,11.25
2010,8,1,9.9,10.5
2010,8,2,1.4,9.75
2010,8,3,0,9.5
2010,8,4,2.8,10.25
2010,8,5,3.7,7.5
2010,8,6,0.2,8.75
2010,8,7,0,9.25
2010,8,8,0,10.25
2010,8,9,5.4,10
2010,8,10,0,10.75
2010,8,11,1,13
2010,8,12,0.4,11.75
2010,8,13,0,11.5
2010,8,14,3.3,12.75
2010,8,15,5.7,12.25
2010,8,16,2.8,11.75
2010,8,17,0,9.75
2010,8,18,3.2,15
2010,8,19,0.8,12
2010,8,20,2.5,10.5
2010,8,21,6,11
2010,8,22,0,11
2010,8,23,2.5,12.75
2010,8,24,1.3,10.25
2010,8,25,4.1,10.5
2010,8,26,19.3,12
2010,8,27,1.4,12.5
2010,8,28,1.7,11
2010,8,29,0,11.75
2010,8,30,0.1,12
2010,8,31,0,15.5
2010,9,1,0.9,13.5
2010,9,2,0.9,12
2010,9,3,0.3,14
2010,9,4,37.7,11.75
2010,9,5,6.1,11.25
2010,9,6,8.7,9.75
2010,9,7,0,10
2010,9,8,0,14.5
2010,9,9,4.3,15.75
2010,9,10,0.8,13
2010,9,11,0.1,13.25
2010,9,12,0,13
2010,9,13,0,15.25
2010,9,14,8.6,14
2010,9,15,1.1,12.25
2010,9,16,1,12.75
2010,9,17,0.1,12.25
2010,9,18,0,11.25
2010,9,19,0,12
2010,9,20,0,11.5
2010,9,21,0,13.75
2010,9,22,0,12
2010,9,23,0,12
2010,9,24,0,10.75
2010,9,25,0,13.5
2010,9,26,0,12.5
2010,9,27,0,13
2010,9,28,0.3,12.25
2010,9,29,0.1,9.25
2010,9,30,0,10.75
2010,10,1,0,15.25
2010,10,2,0,16.75
2010,10,3,0,19.25
2010,10,4,0,16.5
2010,10,5,0,14.5
2010,10,6,0,14.5
2010,10,7,0,9.5
2010,10,8,0,12.5
2010,10,9,0,13.25
2010,10,10,0,18.75
2010,10,11,0,23.25
2010,10,12,0,19.75
2010,10,13,3.1,15.75
2010,10,14,0,14.75
2010,10,15,10.3,11.5
2010,10,16,5.7,11.5
2010,10,17,0.6,13.25
2010,10,18,0.1,14.25
2010,10,19,0,13
2010,10,20,0,17.75
2010,10,21,0,19.75
2010,10,22,0,21.5
2010,10,23,2.1,16.25
2010,10,24,0.1,12.75
2010,10,25,0,16
2010,10,26,0,15
2010,10,27,0,14.75
2010,10,28,0,20.25
2010,10,29,0,21.75
2010,10,30,7.1,14
2010,10,31,0.6,12.75
2010,11,1,0,11.25
2010,11,2,1.3,15.5
2010,11,3,0,13.25
2010,11,4,0,15
2010,11,5,0,16.75
2010,11,6,0,21
2010,11,7,0,17.25
2010,11,8,0.1,17.5
2010,11,9,0,20
2010,11,10,0,22
2010,11,11,0,23
2010,11,12,0,21.25
2010,11,13,2.8,16
2010,11,14,0.8,17
2010,11,15,0.1,17.5
2010,11,16,0,15
2010,11,17,0,14
2010,11,18,0.2,17
2010,11,19,0.1,17.75
2010,11,20,0,20
2010,11,21,0,24.25
2010,11,22,0,28.75
2010,11,23,0,29
2010,11,24,0,26.5
2010,11,25,5.9,21.75
2010,11,26,0.1,22.75
2010,11,27,0.8,18.75
2010,11,28,1.8,16.5
2010,11,29,0.1,16.5
2010,11,30,0,18.75
2010,12,1,0,21
2010,12,2,4.5,21
2010,12,3,0,24.75
2010,12,4,0,31.75
2010,12,5,0,29
2010,12,6,3.2,26
2010,12,7,9.5,26.75
2010,12,8,50.4,21
2010,12,9,0.1,20
2010,12,10,0.9,16.25
2010,12,11,0.3,18.5
2010,12,12,1.7,17
2010,12,13,0,18.25
2010,12,14,0,25
2010,12,15,0,19
2010,12,16,0,17.25
2010,12,17,0,18.5
2010,12,18,1.5,17.25
2010,12,19,3.8,15.5
2010,12,20,3,15.75
2010,12,21,0.6,17.75
2010,12,22,0.2,18.5
2010,12,23,0,20
2010,12,24,0,24.75
2010,12,25,0,24.75
2010,12,26,0,18.5
2010,12,27,0,18
2010,12,28,0,21
2010,12,29,0,22.5
2010,12,30,0,27
2010,12,31,0,31.25
2011,1,1,0,22.25
2011,1,2,0,20.5
2011,1,3,0,20.5
2011,1,4,0,21.25
2011,1,5,0,20.75
2011,1,6,0,25.5
2011,1,7,0,28.75
2011,1,8,0,26.25
2011,1,9,0.2,24.5
2011,1,10,0,27
2011,1,11,0.2,24
2011,1,12,0,22
2011,1,13,0.4,20.5
2011,1,14,15.2,23
2011,1,15,0,23.25
2011,1,16,0,22.5
2011,1,17,0,19
2011,1,18,0,20
2011,1,19,0,21
2011,1,20,0,26.5
2011,1,21,0,25
2011,1,22,0,24.5
2011,1,23,0,23
2011,1,24,0,23.25
2011,1,25,0,25.5
2011,1,26,0.6,22.75
2011,1,27,0,25
2011,1,28,0,23.75
2011,1,29,0,27.5
2011,1,30,0,33.75
2011,1,31,0,34
2011,2,1,0,30.25
2011,2,2,0,27.5
2011,2,3,0,28.75
2011,2,4,0,29.75
2011,2,5,0,21.5
2011,2,6,0,16.5
2011,2,7,0,21
2011,2,8,0,21.5
2011,2,9,0,24.25
2011,2,10,0,29
2011,2,11,0.1,24.5
2011,2,12,12,19.5
2011,2,13,0,19.5
2011,2,14,0,21.5
2011,2,15,0,24.75
2011,2,16,0,25.25
2011,2,17,0,23.75
2011,2,18,1.5,21.75
2011,2,19,23,21.75
2011,2,20,0.1,20.5
2011,2,21,0.1,18.25
2011,2,22,0,18.75
2011,2,23,0,22.75
2011,2,24,0,25
2011,2,25,0,26.5
2011,2,26,0,29.25
2011,2,27,0,26.75
2011,2,28,0,22
2011,3,1,0,19.5
2011,3,2,0,17
2011,3,3,0,16.75
2011,3,4,0,17.5
2011,3,5,0,20
2011,3,6,0,22.75
2011,3,7,0,27.5
2011,3,8,42.8,22.5
2011,3,9,32.7,19.5
2011,3,10,0,18.25
2011,3,11,0,20.75
2011,3,12,0,24
2011,3,13,0,22.75
2011,3,14,0,21.25
2011,3,15,0,22.75
2011,3,16,0,19.75
2011,3,17,0,19.75
2011,3,18,0,19.5
2011,3,19,0,20.25
2011,3,20,0,21
2011,3,21,15.2,20
2011,3,22,0.3,18.75
2011,3,23,2.4,16.75
2011,3,24,9.6,16.75
2011,3,25,1.3,17.25
2011,3,26,0,16
2011,3,27,0,17.25
2011,3,28,0,18.5
2011,3,29,0,20.5
2011,3,30,0,17.25
2011,3,31,0,14
2011,4,1,0,14.25
2011,4,2,0,16.25
2011,4,3,0,14.5
2011,4,4,0,14.25
2011,4,5,0,17.25
2011,4,6,0,16.75
2011,4,7,0,20
2011,4,8,0,25.75
2011,4,9,0.1,18.5
2011,4,10,7.9,13.25
2011,4,11,2.9,13.75
2011,4,12,0,12.5
2011,4,13,0,14.75
2011,4,14,0.3,17.75
2011,4,15,0.1,18.5
2011,4,16,0,17
2011,4,17,0,15
2011,4,18,0,16.5
2011,4,19,0,18.5
2011,4,20,0.6,18.75
2011,4,21,0.1,16
2011,4,22,2,16.25
2011,4,23,0.5,13.75
2011,4,24,0.1,16
2011,4,25,0,16.5
2011,4,26,0,17
2011,4,27,0,22
2011,4,28,0,22.25
2011,4,29,0,21
2011,4,30,0.1,16.5
2011,5,1,2.3,16
2011,5,2,2.5,13.75
2011,5,3,0,12.75
2011,5,4,0,13.5
2011,5,5,0,12.75
2011,5,6,0,13.5
2011,5,7,0,13.25
2011,5,8,0,14.75
2011,5,9,0,11.75
2011,5,10,0,11.5
2011,5,11,3.9,13.25
2011,5,12,8.1,15.25
2011,5,13,5.3,14
2011,5,14,0.1,13.5
2011,5,15,0,13.75
2011,5,16,0,10.25
2011,5,17,0,12.75
2011,5,18,0,16.75
2011,5,19,0,19.5
2011,5,20,0,17.25
2011,5,21,0,19.25
2011,5,22,8,14.5
2011,5,23,9,14
2011,5,24,6.4,12.75
2011,5,25,0,10.5
2011,5,26,0.2,12.25
2011,5,27,2.4,13.25
2011,5,28,0.1,10.75
2011,5,29,0,12.75
2011,5,30,0,11
2011,5,31,0,9.75
2011,6,1,0,11.25
2011,6,2,0,13.25
2011,6,3,0.1,14.75
2011,6,4,0.6,13.25
2011,6,5,0,12
2011,6,6,1.4,12
2011,6,7,0.6,12
2011,6,8,0.6,8.25
2011,6,9,0.1,10.25
2011,6,10,1.3,10
2011,6,11,0,11.5
2011,6,12,0,9
2011,6,13,0,11.25
2011,6,14,0,9
2011,6,15,0,8.25
2011,6,16,0,11.25
2011,6,17,4.6,12.75
2011,6,18,0.3,12.25
2011,6,19,0.1,14.5
2011,6,20,2,13.25
2011,6,21,15.6,11.25
2011,6,22,1.8,12.75
2011,6,23,1.1,13
2011,6,24,0,13
2011,6,25,0.1,12.5
2011,6,26,0,12.75
2011,6,27,0,9.75
2011,6,28,0,9
2011,6,29,0,12
2011,6,30,0,15.75
2011,7,1,0.7,17.75
2011,7,2,3.7,14.25
2011,7,3,7.3,13
2011,7,4,0.4,12.25
2011,7,5,0.8,12.25
2011,7,6,2.2,12.25
2011,7,7,11.3,8.25
2011,7,8,1.1,9
2011,7,9,1.9,10
2011,7,10,1,11.5
2011,7,11,1.2,8.5
2011,7,12,0,8.75
2011,7,13,0,10
2011,7,14,0,9.5
2011,7,15,0,9
2011,7,16,0,7.5
2011,7,17,4.1,10
2011,7,18,2.1,9.5
2011,7,19,0.1,8
2011,7,20,0,9.5
2011,7,21,0,8.25
2011,7,22,0,7.5
2011,7,23,0,10.75
2011,7,24,1.4,11
2011,7,25,0.2,13.25
2011,7,26,0,10.25
2011,7,27,0,11.75
2011,7,28,0,14.5
2011,7,29,0,14.75
2011,7,30,5.7,14.25
2011,7,31,0.1,13.25
2011,8,1,0,17.25
2011,8,2,0,15.75
2011,8,3,0,16.75
2011,8,4,4.6,13
2011,8,5,10.9,12.75
2011,8,6,1.7,11
2011,8,7,3.5,11.75
2011,8,8,6,11
2011,8,9,5,12.25
2011,8,10,1.2,11
2011,8,11,5.7,12.5
2011,8,12,0.1,11.25
2011,8,13,0,13.5
2011,8,14,0,12.5
2011,8,15,0,14.25
2011,8,16,5.1,14.25
2011,8,17,11.7,12.5
2011,8,18,0.8,12.75
2011,8,19,3.6,12.25
2011,8,20,0.1,13.5
2011,8,21,0,14
2011,8,22,0,14
2011,8,23,0,14.75
2011,8,24,0,14.5
2011,8,25,0,13.75
2011,8,26,0,10.5
2011,8,27,0,10.5
2011,8,28,0,10.75
2011,8,29,0,12.5
2011,8,30,0,9.25
2011,8,31,0,11.75
2011,9,1,0,14.5
2011,9,2,0,18.25
2011,9,3,0,22.25
2011,9,4,0.2,13.75
2011,9,5,0.1,12.25
2011,9,6,0.2,12
2011,9,7,0.9,11.5
2011,9,8,0.1,14.5
2011,9,9,4.4,10.5
2011,9,10,2.5,13
2011,9,11,3.8,12.25
2011,9,12,0.3,9.75
2011,9,13,0,12.75
2011,9,14,0,13.25
2011,9,15,0,14.75
2011,9,16,0,16.5
2011,9,17,0,20.75
2011,9,18,0,16.25
2011,9,19,0,19.75
2011,9,20,3.2,13.75
2011,9,21,0.1,15.75
2011,9,22,0,19.5
2011,9,23,0,12.5
2011,9,24,0,11.75
2011,9,25,0,11.75
2011,9,26,0,16.5
2011,9,27,0,23.25
2011,9,28,4.8,15.75
2011,9,29,16.5,13
2011,9,30,7.7,13
2011,10,1,3.9,12.25
2011,10,2,0,12
2011,10,3,0,16.25
2011,10,4,0,17.75
2011,10,5,9.5,15.5
2011,10,6,0.2,16.75
2011,10,7,0,16.75
2011,10,8,0,15
2011,10,9,0.2,16.5
2011,10,10,0.1,12.25
2011,10,11,0.8,14.75
2011,10,12,0.1,13.25
2011,10,13,0,18.25
2011,10,14,0,20.5
2011,10,15,2.9,17.25
2011,10,16,0.4,15.25
2011,10,17,0,16.25
2011,10,18,0,19
2011,10,19,0,25.5
2011,10,20,0,22.5
2011,10,21,4.9,18.75
2011,10,22,0,20.75
2011,10,23,0,23.5
2011,10,24,0,19.75
2011,10,25,0,14.5
2011,10,26,0.1,15.75
2011,10,27,0,17.75
2011,10,28,0,21.5
2011,10,29,6.9,16.75
2011,10,30,0.3,15.25
2011,10,31,0,15.25
2011,11,1,0,14.25
2011,11,2,0,14.25
2011,11,3,0,18.25
2011,11,4,0,21.75
2011,11,5,0,26.25
2011,11,6,0.8,21.25
2011,11,7,0,23
2011,11,8,5.1,24
2011,11,9,0.1,25.25
2011,11,10,0.5,18.5
2011,11,11,0.1,18.75
2011,11,12,0,20.75
2011,11,13,0,26.75
2011,11,14,0.1,19.5
2011,11,15,0,21.5
2011,11,16,0.5,21.25
2011,11,17,0.1,25
2011,11,18,0,30.25
2011,11,19,0,20.75
2011,11,20,0.6,16.25
2011,11,21,0.3,16.25
2011,11,22,0,16.75
2011,11,23,0.1,17.5
2011,11,24,0,17.75
2011,11,25,3.6,17
2011,11,26,5.9,18.75
2011,11,27,0.6,19.5
2011,11,28,0,24.5
2011,11,29,0,24.75
2011,11,30,1.2,17.25
2011,12,1,0.1,15.25
2011,12,2,0,18
2011,12,3,0,18.75
2011,12,4,0,18
2011,12,5,0,20.5
2011,12,6,0,23.5
2011,12,7,0,24
2011,12,8,0,24
2011,12,9,2.8,21.25
2011,12,10,0.6,21.5
2011,12,11,0,18.75
2011,12,12,0,19
2011,12,13,0,19
2011,12,14,0,20.25
2011,12,15,0,24.25
2011,12,16,0,26.5
2011,12,17,0,24.5
2011,12,18,14.5,20.25
2011,12,19,3.5,20.25
2011,12,20,0.1,20
2011,12,21,0,24
2011,12,22,0,23.75
2011,12,23,0,24.75
2011,12,24,0,28.75
2011,12,25,0,24.75
2011,12,26,0,20.75
2011,12,27,0,19.25
2011,12,28,0,21.25
2011,12,29,0,21.25
2011,12,30,0,25.25
2011,12,31,0,28.5
2012,1,1,0,31.25
2012,1,2,0,33.75
2012,1,3,0,29.75
2012,1,4,0,22.5
2012,1,5,0,21.75
2012,1,6,0,24.25
2012,1,7,0,26.5
2012,1,8,17.2,21
2012,1,9,0.8,18.75
2012,1,10,5.2,19
2012,1,11,0.1,19.25
2012,1,12,0,18.75
2012,1,13,0,20.75
2012,1,14,0,20
2012,1,15,0,21.5
2012,1,16,0,25.25
2012,1,17,0,30.25
2012,1,18,0,25.25
2012,1,19,0,23.75
2012,1,20,0,25.5
2012,1,21,0,24.5
2012,1,22,0,28.5
2012,1,23,0,32.5
2012,1,24,0,30.5
2012,1,25,0,28
2012,1,26,0,26
2012,1,27,0,27
2012,1,28,0,28.75
2012,1,29,1,27.75
2012,1,30,0.4,22.75
2012,1,31,0.2,19.25
2012,2,1,0,19
2012,2,2,0,20.5
2012,2,3,0,20
2012,2,4,0,22.25
2012,2,5,11.2,18.25
2012,2,6,1.9,18.25
2012,2,7,0.2,18.25
2012,2,8,0,17.25
2012,2,9,0,17.25
2012,2,10,0,17.5
2012,2,11,2.2,19.5
2012,2,12,0,17.75
2012,2,13,0,21.5
2012,2,14,0,25.75
2012,2,15,0,25.25
2012,2,16,0,23
2012,2,17,0,23.5
2012,2,18,0,27.25
2012,2,19,0,27.5
2012,2,20,0,24
2012,2,21,0,21.25
2012,2,22,0,22.5
2012,2,23,0,24.25
2012,2,24,0,29.5
2012,2,25,0,32.75
2012,2,26,0,31.25
2012,2,27,0,27.25
2012,2,28,1.7,20.5
2012,2,29,0.8,18
2012,3,1,17.3,20.5
2012,3,2,0,20.5
2012,3,3,0,20.75
2012,3,4,0.1,20.25
2012,3,5,0,18.5
2012,3,6,0,19
2012,3,7,0,21.5
2012,3,8,0,19.75
2012,3,9,0,19.75
2012,3,10,0,18.75
2012,3,11,0,19
2012,3,12,0,21
2012,3,13,0,23.25
2012,3,14,0,28.25
2012,3,15,19.7,21
2012,3,16,0.7,19.5
2012,3,17,0,17.5
2012,3,18,0,21.25
2012,3,19,0,24.25
2012,3,20,0,28.5
2012,3,21,10,17.25
2012,3,22,0,14.75
2012,3,23,1.8,16.5
2012,3,24,1.9,17.25
2012,3,25,1,17.25
2012,3,26,0,18
2012,3,27,0,20.25
2012,3,28,0,22.25
2012,3,29,0,22
2012,3,30,0,22.75
2012,3,31,0,20.5
2012,4,1,0,17.75
2012,4,2,0,23.75
2012,4,3,0.2,20.75
2012,4,4,0,21.75
2012,4,5,0,24
2012,4,6,0,22
2012,4,7,0,16.75
2012,4,8,0,14.75
2012,4,9,0,16
2012,4,10,0,16.25
2012,4,11,0,14
2012,4,12,0,15.25
2012,4,13,0,17
2012,4,14,0,20
2012,4,15,0,19.5
2012,4,16,0,19.5
2012,4,17,0,21.25
2012,4,18,0,22.75
2012,4,19,0,23.5
2012,4,20,0,22.25
2012,4,21,0,20.75
2012,4,22,5.9,18.5
2012,4,23,3.4,14.5
2012,4,24,2.5,12.75
2012,4,25,0.5,14.5
2012,4,26,1.1,13.25
2012,4,27,0,13.75
2012,4,28,0,13.5
2012,4,29,0,14
2012,4,30,0,19.25
2012,5,1,0,17.5
2012,5,2,12.7,12.5
2012,5,3,0,11
2012,5,4,0.5,11.5
2012,5,5,0,12
2012,5,6,0,15
2012,5,7,0.2,18.25
2012,5,8,0.2,19.25
2012,5,9,0.2,17.75
2012,5,10,0,14.75
2012,5,11,2.6,13.75
2012,5,12,0,12.5
2012,5,13,0.3,12.75
2012,5,14,0.6,12
2012,5,15,0,11.5
2012,5,16,0,11.25
2012,5,17,0,13.5
2012,5,18,0,14.5
2012,5,19,4.1,13.25
2012,5,20,0,12.25
2012,5,21,0,11
2012,5,22,0,12.25
2012,5,23,0.7,16.5
2012,5,24,20,10.25
2012,5,25,7.9,10.25
2012,5,26,7.1,13.75
2012,5,27,0,12.5
2012,5,28,0,11
2012,5,29,0.1,12.5
2012,5,30,0,12.25
2012,5,31,0,13.5
2012,6,1,1.6,13.25
2012,6,2,0,14
2012,6,3,0,9.25
2012,6,4,20.9,9.75
2012,6,5,1.2,12.25
2012,6,6,0,9.75
2012,6,7,0,9.5
2012,6,8,0,8
2012,6,9,0.1,6.5
2012,6,10,0,8
2012,6,11,0,8
2012,6,12,0,13.5
2012,6,13,0.9,14.75
2012,6,14,4.2,13.25
2012,6,15,0,11.5
2012,6,16,0,10.75
2012,6,17,0.8,11.75
2012,6,18,4,13
2012,6,19,1.3,13
2012,6,20,0,13.75
2012,6,21,17.1,11.25
2012,6,22,16.9,8.5
2012,6,23,3.4,9
2012,6,24,0.3,11.5
2012,6,25,1.8,13.25
2012,6,26,0.1,10
2012,6,27,0.1,8.75
2012,6,28,0,11.75
2012,6,29,8.1,11.5
2012,6,30,4.9,10
2012,7,1,2.3,7.75
2012,7,2,1.3,9.25
2012,7,3,0,8.5
2012,7,4,0,10
2012,7,5,0.2,11.25
2012,7,6,0,7.75
2012,7,7,0,9.75
2012,7,8,0,10.75
2012,7,9,0,12
2012,7,10,1.3,13
2012,7,11,0,12
2012,7,12,2.4,14
2012,7,13,0.7,13
2012,7,14,4.8,10.25
2012,7,15,0.1,11
2012,7,16,0,13
2012,7,17,0,12
2012,7,18,0,9.75
2012,7,19,0.1,9
2012,7,20,0.8,12.25
2012,7,21,0.2,12.25
2012,7,22,0.1,9.75
2012,7,23,0,12
2012,7,24,0,12.5
2012,7,25,0,12
2012,7,26,2.2,11.75
2012,7,27,17.1,12
2012,7,28,1.6,12
2012,7,29,0,10.5
2012,7,30,0.1,8.25
2012,7,31,0,11
2012,8,1,0,8
2012,8,2,0,12.25
2012,8,3,0.6,10.75
2012,8,4,0,12.25
2012,8,5,3.8,12.5
2012,8,6,3.3,10.75
2012,8,7,0,12.75
2012,8,8,0,12.5
2012,8,9,3.6,10.5
2012,8,10,0.2,9.5
2012,8,11,0,8.75
2012,8,12,0,9.25
2012,8,13,0,10.5
2012,8,14,2.4,12.5
2012,8,15,0,10.5
2012,8,16,4,11.25
2012,8,17,11.5,10.75
2012,8,18,1.5,9.5
2012,8,19,0.7,10.5
2012,8,20,0,11.5
2012,8,21,0,12.75
2012,8,22,0,13.75
2012,8,23,4.2,10.25
2012,8,24,11.4,10
2012,8,25,1.9,10.75
2012,8,26,3,10.5
2012,8,27,0,11.25
2012,8,28,0,13.5
2012,8,29,0.1,12
2012,8,30,0.8,11.75
2012,8,31,0,10.25
2012,9,1,0,11.5
2012,9,2,0.1,14.75
2012,9,3,0,14.5
2012,9,4,0,18.5
2012,9,5,2.6,15
2012,9,6,2.2,14.25
2012,9,7,6.7,11.75
2012,9,8,0.9,12.75
2012,9,9,0.4,13
2012,9,10,0,12.5
2012,9,11,0,14.25
2012,9,12,0,15.5
2012,9,13,2.4,12.5
2012,9,14,0.3,12.25
2012,9,15,0,14.75
2012,9,16,0,12
2012,9,17,0,13
2012,9,18,0.1,10.5
2012,9,19,0,16.5
2012,9,20,0.1,15.5
2012,9,21,0,14.5
2012,9,22,0,18.25
2012,9,23,0,14.5
2012,9,24,1.3,11.25
2012,9,25,0,13.5
2012,9,26,0,19.75
2012,9,27,0,18
2012,9,28,0.9,15.75
2012,9,29,8.1,11.25
2012,9,30,0.2,11.75
2012,10,1,0.1,11
2012,10,2,0,14
2012,10,3,0,18.75
2012,10,4,0,21.5
2012,10,5,0,14.75
2012,10,6,0.6,16.25
2012,10,7,0.5,11.5
2012,10,8,0,16.5
2012,10,9,0,14.25
2012,10,10,0,12
2012,10,11,10.9,9.75
2012,10,12,1.7,11.75
2012,10,13,0,13.25
2012,10,14,0,19.25
2012,10,15,0,21.25
2012,10,16,0.3,17.25
2012,10,17,0.1,13.5
2012,10,18,0,20.5
2012,10,19,0,16.75
2012,10,20,0,16
2012,10,21,0,15.75
2012,10,22,0,15.75
2012,10,23,0,23
2012,10,24,0,23.5
2012,10,25,0,15.75
2012,10,26,0,14.25
2012,10,27,0,12.5
2012,10,28,0,15.75
2012,10,29,0,19.25
2012,10,30,0,23.25
2012,10,31,0,22
2012,11,1,0.7,16.25
2012,11,2,0,14.25
2012,11,3,0,21.75
2012,11,4,0,28
2012,11,5,0,28.25
2012,11,6,4.6,18.5
2012,11,7,0,17.25
2012,11,8,1.2,16.25
2012,11,9,0.3,16
2012,11,10,0,17
2012,11,11,0,24
2012,11,12,0,19.5
2012,11,13,0,16.25
2012,11,14,0,18.75
2012,11,15,0.1,18.75
2012,11,16,0.5,18
2012,11,17,0.1,16.5
2012,11,18,0,15.25
2012,11,19,0,20.25
2012,11,20,0,29
2012,11,21,0,18.75
2012,11,22,0,18
2012,11,23,0,23.75
2012,11,24,0,25.75
2012,11,25,0,22.25
2012,11,26,1.3,26.75
2012,11,27,0,26
2012,11,28,0,27.25
2012,11,29,0,28.25
2012,11,30,3.4,26.25
2012,12,1,0.7,19.75
2012,12,2,0.1,17
2012,12,3,0.2,16
2012,12,4,1,17
2012,12,5,0,18
2012,12,6,0,19
2012,12,7,0,27.75
2012,12,8,0,27.5
2012,12,9,0,17.75
2012,12,10,0,20.25
2012,12,11,0,25.25
2012,12,12,0,32.5
2012,12,13,0,30.75
2012,12,14,0.1,25.5
2012,12,15,7.4,21
2012,12,16,0,18.5
2012,12,17,0,17.25
2012,12,18,0,23
2012,12,19,0,27
2012,12,20,0,19
2012,12,21,0,19.5
2012,12,22,0,23.25
2012,12,23,0,30
2012,12,24,0,22.75
2012,12,25,0,19.5
2012,12,26,0,20.25
2012,12,27,0,18.75
2012,12,28,0,21.75
2012,12,29,0,21
2012,12,30,0,22.25
2012,12,31,0,21.75
2013,1,1,0,21.75
2013,1,2,0,22.75
2013,1,3,0,30.5
2013,1,4,0,34.25
2013,1,5,0,26.75
2013,1,6,0,27
2013,1,7,0,30.25
2013,1,8,0,24.5
2013,1,9,0,20.5
2013,1,10,0,23.25
2013,1,11,0,26.5
2013,1,12,0,21.75
2013,1,13,0.6,19.25
2013,1,14,9.5,18.75
2013,1,15,0,21
2013,1,16,0,25.25
2013,1,17,0,30.5
2013,1,18,0,24
2013,1,19,0,21
2013,1,20,0,23
2013,1,21,0,22
2013,1,22,0,20.5
2013,1,23,0,22.25
2013,1,24,0,26
2013,1,25,0,21.75
2013,1,26,0,18.5
2013,1,27,0,18.75
2013,1,28,0,19.25
2013,1,29,0.2,17.25
2013,1,30,0,18.5
2013,1,31,1.8,19
2013,2,1,2.5,16
2013,2,2,0,18.5
2013,2,3,0,19
2013,2,4,0,21.25
2013,2,5,0,23.25
2013,2,6,0,26.75
2013,2,7,0,23
2013,2,8,0,21.75
2013,2,9,0,21.25
2013,2,10,0,21.5
2013,2,11,0,22
2013,2,12,0,22.75
2013,2,13,0,24.25
2013,2,14,0,25.75
2013,2,15,0.1,29.75
2013,2,16,0.8,29.25
2013,2,17,0,32.5
2013,2,18,0,32.75
2013,2,19,0,23
2013,2,20,0,22
2013,2,21,0,23.25
2013,2,22,0,27
2013,2,23,0,28.5
2013,2,24,0,31
2013,2,25,0,24.5
2013,2,26,0.4,24.75
2013,2,27,0,21
2013,2,28,6,19
2013,3,1,0,20.5
2013,3,2,0,23
2013,3,3,0,24.5
2013,3,4,0,28.25
2013,3,5,0,28.75
2013,3,6,0,29.25
2013,3,7,0,29.75
2013,3,8,0.9,31
2013,3,9,0,28.5
2013,3,10,0,27
2013,3,11,0,29.25
2013,3,12,0,31.75
2013,3,13,0,21.25
2013,3,14,0,20.75
2013,3,15,0,18.75
2013,3,16,0,20.25
2013,3,17,0,17.5
2013,3,18,0,17.75
2013,3,19,0,21.25
2013,3,20,0,24
2013,3,21,0.3,20.5
2013,3,22,2.5,17.75
2013,3,23,2.6,19.75
2013,3,24,0,20
2013,3,25,0,19.75
2013,3,26,0,26.25
2013,3,27,0,25.25
2013,3,28,0,18.75
2013,3,29,0,16.5
2013,3,30,0,17.5
2013,3,31,7.6,17.75
2013,4,1,1.6,18.75
2013,4,2,0.1,19.5
2013,4,3,0,18
2013,4,4,0,18
2013,4,5,0,18.25
2013,4,6,0,20.5
2013,4,7,0,21.25
2013,4,8,0,20
2013,4,9,0,18.5
2013,4,10,0,19
2013,4,11,0,21.75
2013,4,12,0,24
2013,4,13,0,24
2013,4,14,0,19
2013,4,15,0,18
2013,4,16,0,15
2013,4,17,0,16.5
2013,4,18,0,17.75
2013,4,19,0,16
2013,4,20,0,15
2013,4,21,8.2,14.25
2013,4,22,15.2,16.25
2013,4,23,5,14.5
2013,4,24,0,15.75
2013,4,25,0,17.25
2013,4,26,0,18
2013,4,27,0,20.75
2013,4,28,0,19
2013,4,29,5.6,16.75
2013,4,30,0,16.75
2013,5,1,0,14
2013,5,2,0,14.5
2013,5,3,0,19.75
2013,5,4,0,16
2013,5,5,0,15.75
2013,5,6,0,17.25
2013,5,7,0,19.5
2013,5,8,0,23.25
2013,5,9,0,24.5
2013,5,10,0,24.5
2013,5,11,0,22.25
2013,5,12,8.4,17.5
2013,5,13,3.9,12.75
2013,5,14,13.7,13.75
2013,5,15,13.2,15
2013,5,16,7.5,13.75
2013,5,17,0,12.5
2013,5,18,0,12.25
2013,5,19,0,14
2013,5,20,0,17.5
2013,5,21,0,16.5
2013,5,22,6.9,13.75
2013,5,23,2,13
2013,5,24,0,10.75
2013,5,25,0,13.75
2013,5,26,0.8,14.25
2013,5,27,0,13.25
2013,5,28,0,13.5
2013,5,29,0,16.25
2013,5,30,0.9,18
2013,5,31,0.9,16.5
2013,6,1,59.5,15.75
2013,6,2,3.4,13.25
2013,6,3,0,11.75
2013,6,4,0.1,13
2013,6,5,0,12.5
2013,6,6,0,14.75
2013,6,7,0.5,13
2013,6,8,0,12
2013,6,9,0,13.25
2013,6,10,0,14.75
2013,6,11,0,13
2013,6,12,0.9,13.25
2013,6,13,1.6,12.5
2013,6,14,1.8,11.5
2013,6,15,0.2,9.25
2013,6,16,0,9
2013,6,17,0.2,9.5
2013,6,18,0.1,9
2013,6,19,0.1,8.75
2013,6,20,0,9.25
2013,6,21,1.3,10.75
2013,6,22,7.9,11.5
2013,6,23,5.1,12.25
2013,6,24,0.2,12.25
2013,6,25,0,11.25
2013,6,26,0,11.25
2013,6,27,0,12
2013,6,28,0,10.75
2013,6,29,0,8.75
2013,6,30,0.2,12.25
2013,7,1,0.2,14.5
2013,7,2,0.1,12.25
2013,7,3,0,11.75
2013,7,4,0,12.75
2013,7,5,6.7,11.25
2013,7,6,3.7,11.5
2013,7,7,5.8,11
2013,7,8,0.7,9.25
2013,7,9,0,8.75
2013,7,10,0,10.5
2013,7,11,0,12.5
2013,7,12,0,12
2013,7,13,14.9,15.75
2013,7,14,4.6,15.5
2013,7,15,4,14.25
2013,7,16,0.6,14.25
2013,7,17,0,14
2013,7,18,11.3,13.5
2013,7,19,3.4,13
2013,7,20,6.9,9
2013,7,21,8.1,8.25
2013,7,22,7.8,10.5
2013,7,23,4.1,9.5
2013,7,24,0.3,10
2013,7,25,0,10.25
2013,7,26,0,12
2013,7,27,0,13
2013,7,28,0,16.75
2013,7,29,0.9,12.25
2013,7,30,0.8,11.75
2013,7,31,0,12.25
2013,8,1,0.2,10.5
2013,8,2,0.6,11.5
2013,8,3,2.3,10.75
2013,8,4,6.9,11
2013,8,5,0.1,14.5
2013,8,6,1.7,14
2013,8,7,6.2,12.75
2013,8,8,0.1,10
2013,8,9,0.3,13.25
2013,8,10,0.2,12.25
2013,8,11,0.1,12.75
2013,8,12,0.5,13
2013,8,13,6.6,13.75
2013,8,14,4.5,12.5
2013,8,15,2.7,11
2013,8,16,0,12.75
2013,8,17,7.2,11.25
2013,8,18,0.3,13
2013,8,19,5.7,10.25
2013,8,20,0.7,8.5
2013,8,21,2.5,10.25
2013,8,22,7.8,11.5
2013,8,23,8.7,13.25
2013,8,24,3.8,13.5
2013,8,25,0,12
2013,8,26,0,12.75
2013,8,27,0,16
2013,8,28,0,14.5
2013,8,29,2.4,15.75
2013,8,30,2.2,15
2013,8,31,0,17.25
2013,9,1,0,21
2013,9,2,0,18
2013,9,3,0,21.5
2013,9,4,0,21.5
2013,9,5,0,15
2013,9,6,1.8,13.75
2013,9,7,0,13
2013,9,8,0.1,18.5
2013,9,9,0,20.25
2013,9,10,1.3,13
2013,9,11,0.3,13.25
2013,9,12,0,14.25
2013,9,13,19.8,15.25
2013,9,14,0.1,15.5
2013,9,15,0.7,17.25
2013,9,16,2.4,15.25
2013,9,17,4.8,15.5
2013,9,18,3.5,13.75
2013,9,19,0.4,13
2013,9,20,1.9,15.25
2013,9,21,0.1,16.75
2013,9,22,0,17
2013,9,23,0,21.5
2013,9,24,0,18.75
2013,9,25,0,17.75
2013,9,26,4,14.25
2013,9,27,0,16.25
2013,9,28,0,15.5
2013,9,29,0,18.25
2013,9,30,0,21.75
2013,10,1,2,13.75
2013,10,2,0.7,13.25
2013,10,3,6,14.5
2013,10,4,0,15
2013,10,5,0,20.75
2013,10,6,0,16
2013,10,7,0,14
2013,10,8,0,17.75
2013,10,9,0,23.5
2013,10,10,0,15.75
2013,10,11,1.9,15.25
2013,10,12,0,17
2013,10,13,0.7,14.25
2013,10,14,3.8,13.25
2013,10,15,0.1,14
2013,10,16,0,21
2013,10,17,4.8,13.25
2013,10,18,0.2,15.75
2013,10,19,0,21.5
2013,10,20,0,26
2013,10,21,0,22.25
2013,10,22,0.9,20.25
2013,10,23,1.7,14.75
2013,10,24,0.6,13
2013,10,25,0,12
2013,10,26,0,14.25
2013,10,27,0,19.75
2013,10,28,0,16.25
2013,10,29,0.1,16
2013,10,30,0,15.75
2013,10,31,0,14.75
2013,11,1,0,19.5
2013,11,2,0,22
2013,11,3,0,17.25
2013,11,4,0,16.75
2013,11,5,0,21.5
2013,11,6,0,25.25
2013,11,7,0,21.25
2013,11,8,2.8,16.5
2013,11,9,0,13.25
2013,11,10,0,14.25
2013,11,11,0,16
2013,11,12,0,16.25
2013,11,13,0,16.75
2013,11,14,0,14.5
2013,11,15,0,18.25
2013,11,16,0,18.25
2013,11,17,0,17.5
2013,11,18,0,20.5
2013,11,19,0,23
2013,11,20,0,18
2013,11,21,0,15.5
2013,11,22,0,14.5
2013,11,23,0,15.75
2013,11,24,0,18.5
2013,11,25,0,19.75
2013,11,26,0,27.5
2013,11,27,0,30.75
2013,11,28,0,18.5
2013,11,29,2.8,17
2013,11,30,0,20.5
2013,12,1,0,22.25
2013,12,2,0.4,22.75
2013,12,3,0,21.5
2013,12,4,3.5,18.5
2013,12,5,8.2,13.75
2013,12,6,2.4,16.75
2013,12,7,0,22.5
2013,12,8,0,26
2013,12,9,0.7,18.5
2013,12,10,2.9,17.5
2013,12,11,0.3,17.5
2013,12,12,0,18.25
2013,12,13,0,17.5
2013,12,14,0,19.5
2013,12,15,0,18.75
2013,12,16,0,20.5
2013,12,17,0,24
2013,12,18,0,30
2013,12,19,0,31.75
2013,12,20,0,31.5
2013,12,21,0,25.75
2013,12,22,0.2,21.5
2013,12,23,0,19
2013,12,24,0,18.75
2013,12,25,0,23.5
2013,12,26,0,23
2013,12,27,0,23.75
2013,12,28,0,24.75
2013,12,29,0,20.25
2013,12,30,0,21
2013,12,31,0,24
2014,1,1,0,28.5
2014,1,2,2.4,19.75
2014,1,3,1.6,19.5
2014,1,4,0.1,18.75
2014,1,5,0.1,18.5
2014,1,6,2.2,17.5
2014,1,7,0,17.75
2014,1,8,0,19.75
2014,1,9,0,21.5
2014,1,10,0,24.75
2014,1,11,0,24.5
2014,1,12,0,26.5
2014,1,13,0,30.25
2014,1,14,0,34.25
2014,1,15,0.1,34.5
2014,1,16,0,37.75
2014,1,17,0,35
2014,1,18,0.9,26.25
2014,1,19,0,23
2014,1,20,0,23.25
2014,1,21,0,21
2014,1,22,0,21.75
2014,1,23,0,26.75
2014,1,24,0.2,23
2014,1,25,0.2,21.25
2014,1,26,0,26
2014,1,27,0,28
2014,1,28,0,31.25
2014,1,29,0,25.5
2014,1,30,0,28.75
2014,1,31,0,27.75
2014,2,1,0.1,32
2014,2,2,0,36.5
2014,2,3,0,27.75
2014,2,4,0,22.5
2014,2,5,0,26
2014,2,6,0,24
2014,2,7,0,26.5
2014,2,8,0,32.5
2014,2,9,0,24.25
2014,2,10,0,24.5
2014,2,11,0,30.5
2014,2,12,0,35
2014,2,13,0.4,26.25
2014,2,14,64.9,22.25
2014,2,15,31.7,24
2014,2,16,0,21
2014,2,17,0,19
2014,2,18,0,20.75
2014,2,19,3.1,18.25
2014,2,20,1.1,16.5
2014,2,21,0.6,17.5
2014,2,22,0,18.5
2014,2,23,0,19.5
2014,2,24,0,20.5
2014,2,25,0,19.25
2014,2,26,0,19
2014,2,27,0.1,18.5
2014,2,28,0,20.5
2014,3,1,0,19.75
2014,3,2,0,22.5
2014,3,3,0,23
2014,3,4,0,26
2014,3,5,0,21
2014,3,6,0,18.25
2014,3,7,0,18.75
2014,3,8,0,23.5
2014,3,9,0,28.5
2014,3,10,0,27
2014,3,11,0.1,27.5
2014,3,12,1,18.5
2014,3,13,0,18.25
2014,3,14,0,19.25
2014,3,15,1.3,19.5
2014,3,16,2.4,18.25
2014,3,17,6.7,19.75
2014,3,18,1.5,20.25
2014,3,19,0,19
2014,3,20,0,23
2014,3,21,0.1,19.75
2014,3,22,0,15.75
2014,3,23,0,16.75
2014,3,24,0.9,16
2014,3,25,0,16.5
2014,3,26,0.3,20.25
2014,3,27,0.6,21.5
2014,3,28,0,21
2014,3,29,0,21.25
2014,3,30,0,22
2014,3,31,0,24.5
2014,4,1,0,28.25
2014,4,2,0.9,20.5
2014,4,3,0.1,18
2014,4,4,0,16.75
2014,4,5,0,15
2014,4,6,0,17.25
2014,4,7,0,21.75
2014,4,8,2.7,21.5
2014,4,9,6.5,20.25
2014,4,10,2.4,21.5
2014,4,11,0.1,17.5
2014,4,12,0.1,17.25
2014,4,13,0,15.5
2014,4,14,0,17
2014,4,15,0,16.75
2014,4,16,0,16.25
2014,4,17,0,16.75
2014,4,18,0.9,17.5
2014,4,19,0.6,13.5
2014,4,20,0,15.5
2014,4,21,0,22
2014,4,22,0,18.5
2014,4,23,0,13.75
2014,4,24,0.5,16.5
2014,4,25,0.2,15.75
2014,4,26,1,16.75
2014,4,27,0,16.5
2014,4,28,0,22.5
2014,4,29,18.5,17
2014,4,30,2.3,14.5
2014,5,1,0.1,14
2014,5,2,9.2,11.5
2014,5,3,13.4,11
2014,5,4,0,11.5
2014,5,5,0,14.75
2014,5,6,0.9,14
2014,5,7,0,13.5
2014,5,8,0,11.5
2014,5,9,2.9,13.5
2014,5,10,12.3,15.5
2014,5,11,0.1,15.5
2014,5,12,0,14.5
2014,5,13,0,16.75
2014,5,14,0,17.5
2014,5,15,0,19.25
2014,5,16,0,20
2014,5,17,0.1,20.5
2014,5,18,0,19.75
2014,5,19,0,17.75
2014,5,20,1,17.25
2014,5,21,0.1,18.75
2014,5,22,0,20.75
2014,5,23,0.3,18.25
2014,5,24,0,17.5
2014,5,25,0,18.5
2014,5,26,0.1,18
2014,5,27,10.3,15.75
2014,5,28,2.1,15.25
2014,5,29,0.4,15.5
2014,5,30,0,16
2014,5,31,0.1,14.25
2014,6,1,2.7,12.75
2014,6,2,0.7,14
2014,6,3,0.6,15.5
2014,6,4,0,14.75
2014,6,5,0.4,12.75
2014,6,6,0.1,11
2014,6,7,0,13.25
2014,6,8,0,12
2014,6,9,0,9.25
2014,6,10,0,11
2014,6,11,0,12.25
2014,6,12,0,14
2014,6,13,1.9,11
2014,6,14,7,11
2014,6,15,0.2,11.5
2014,6,16,1,13
2014,6,17,2.7,10.75
2014,6,18,0,10.25
2014,6,19,0,12.5
2014,6,20,0,13.5
2014,6,21,6.7,13.5
2014,6,22,0.4,12
2014,6,23,12.3,10.75
2014,6,24,9.7,12.25
2014,6,25,3.1,13.5
2014,6,26,1.5,13.75
2014,6,27,0,13.5
2014,6,28,16.2,10.5
2014,6,29,3.3,11.75
2014,6,30,1,10.25
2014,7,1,2.9,12.5
2014,7,2,0.1,11.75
2014,7,3,0.1,11.5
2014,7,4,0,12.25
2014,7,5,3.9,12.75
2014,7,6,11.7,12.5
2014,7,7,0.4,10.75
2014,7,8,0,14.75
2014,7,9,9.8,10
2014,7,10,15.1,10.5
2014,7,11,0.1,10.75
2014,7,12,3.6,9.5
2014,7,13,0.7,7.75
2014,7,14,0,8
2014,7,15,1,10.25
2014,7,16,2.6,12
2014,7,17,7.6,10.25
2014,7,18,7.7,7.5
2014,7,19,0,9.5
2014,7,20,0,9
2014,7,21,0,11.5
2014,7,22,0,10.5
2014,7,23,0,12
2014,7,24,13.7,13
2014,7,25,3.3,13.5
2014,7,26,0.2,12.5
2014,7,27,0,12
2014,7,28,0,12.5
2014,7,29,0,12.5
2014,7,30,0.5,14.75
2014,7,31,0,13
2014,8,1,12.2,9.5
2014,8,2,0.6,7.25
2014,8,3,0,8.5
2014,8,4,0,7
2014,8,5,0,8.5
2014,8,6,0,8.5
2014,8,7,0,11.5
2014,8,8,0,10
2014,8,9,0,12
2014,8,10,0,9.75
2014,8,11,0,7.75
2014,8,12,0,8.25
2014,8,13,0,9.25
2014,8,14,0,10.5
2014,8,15,0,12.75
2014,8,16,0,12
2014,8,17,0.6,11.5
2014,8,18,0.4,9.75
2014,8,19,0.1,9.25
2014,8,20,0,9
2014,8,21,0,11.5
2014,8,22,0,15.75
2014,8,23,0,14.25
2014,8,24,0,10.25
2014,8,25,0,10
2014,8,26,0,11.25
2014,8,27,0,12
2014,8,28,0,13.75
2014,8,29,0,14.75
2014,8,30,0,15.25
2014,8,31,0,17.25
2014,9,1,7.5,13.5
2014,9,2,5,10.75
2014,9,3,0.2,9
2014,9,4,4.4,12.75
2014,9,5,0,10.75
2014,9,6,0.1,13.75
2014,9,7,0,16.5
2014,9,8,0,20.75
2014,9,9,5.2,15.5
2014,9,10,1.3,14
2014,9,11,1.5,15
2014,9,12,0.5,11
2014,9,13,0.1,13
2014,9,14,0,16.5
2014,9,15,0,15.25
2014,9,16,0.8,15
2014,9,17,1.1,12.25
2014,9,18,0.2,9.25
2014,9,19,0.7,13.5
2014,9,20,0.1,16.75
2014,9,21,0,16
2014,9,22,0,17.5
2014,9,23,0,19.5
2014,9,24,0.5,17.75
2014,9,25,0,15
2014,9,26,0.1,15.25
2014,9,27,0.2,20.75
2014,9,28,0,25
2014,9,29,0,16.5
2014,9,30,0,15.25
2014,10,1,0.1,13.75
2014,10,2,0,11.75
2014,10,3,0,16.25
2014,10,4,0,21.5
2014,10,5,0,20
2014,10,6,0,23
2014,10,7,0,15.5
2014,10,8,0,13.5
2014,10,9,0,17.75
2014,10,10,0,23.5
2014,10,11,0,16.5
2014,10,12,0,14.75
2014,10,13,0,13
2014,10,14,0,10.25
2014,10,15,0,10.5
2014,10,16,0,12.5
2014,10,17,0,17.75
2014,10,18,0,24
2014,10,19,0,23.75
2014,10,20,0,23.25
2014,10,21,0,29
2014,10,22,0,24.25
2014,10,23,0,18.5
2014,10,24,0,22.5
2014,10,25,0,19
2014,10,26,0,20.5
2014,10,27,1.5,17
2014,10,28,0.2,17.25
2014,10,29,0,17.75
2014,10,30,0,18.5
2014,10,31,0,24
2014,11,1,2.7,15.75
2014,11,2,0,15.5
2014,11,3,0,20
2014,11,4,0,18.5
2014,11,5,0,14.5
2014,11,6,0,18.75
2014,11,7,0,27.25
2014,11,8,0,21
2014,11,9,0,16.75
2014,11,10,0,16.75
2014,11,11,0,19.5
2014,11,12,0,23.75
2014,11,13,0,31.5
2014,11,14,0,21.75
2014,11,15,0,20.75
2014,11,16,2.6,16.25
2014,11,17,0.6,16.75
2014,11,18,0,17.25
2014,11,19,0,21.75
2014,11,20,0,22.75
2014,11,21,4.5,20.75
2014,11,22,1.8,22
2014,11,23,10,20.75
2014,11,24,0,21
2014,11,25,0,15.75
2014,11,26,0,17.5
2014,11,27,0,21.25
2014,11,28,0,21.25
2014,11,29,0,25
2014,11,30,0,27.5
2014,12,1,0,20.75
2014,12,2,0,21.5
2014,12,3,0,26.25
2014,12,4,0,21.75
2014,12,5,0,20
2014,12,6,0,20
2014,12,7,0,20
2014,12,8,0,20.5
2014,12,9,0,22.75
2014,12,10,0.4,20
2014,12,11,3.3,20.75
2014,12,12,0,22.25
2014,12,13,0,25.5
2014,12,14,0,23.75
2014,12,15,0,21.5
2014,12,16,0,18.5
2014,12,17,0,17
2014,12,18,0,18
2014,12,19,0.3,17.25
2014,12,20,0,21.5
2014,12,21,0,26
2014,12,22,0,23.25
2014,12,23,0.5,21
2014,12,24,0,17.75
2014,12,25,0,17.5
2014,12,26,0,16.5
2014,12,27,0,18.5
2014,12,28,0,21.25
2014,12,29,0.1,19
2014,12,30,0.4,20.25
2014,12,31,0,20
2015,1,1,0,25.25
2015,1,2,0,33.75
2015,1,3,0,29.75
2015,1,4,0,24.25
2015,1,5,0,26.5
2015,1,6,0,31.5
2015,1,7,0,33
2015,1,8,8.8,24.75
2015,1,9,6.5,20.75
2015,1,10,10.9,18
2015,1,11,1.8,22
2015,1,12,0,24
2015,1,13,20.1,20.25
2015,1,14,1.3,20.25
2015,1,15,0,19.75
2015,1,16,0,19
2015,1,17,0,21.25
2015,1,18,0,20.75
2015,1,19,0,23
2015,1,20,0,27.25
2015,1,21,0,22.5
2015,1,22,0.1,23
2015,1,23,0,21.75
2015,1,24,0,19.5
2015,1,25,0,18.5
2015,1,26,0,18
2015,1,27,0,18.25
2015,1,28,0,19.75
2015,1,29,0,23
2015,1,30,0,22.5
2015,1,31,0,19.25
2015,2,1,0,19
2015,2,2,0,20
2015,2,3,0,19.75
2015,2,4,0,19.75
2015,2,5,0,21
2015,2,6,0,26
2015,2,7,0,29.5
2015,2,8,0,24.25
2015,2,9,0,22.5
2015,2,10,0,22.25
2015,2,11,0,25.75
2015,2,12,0,27.25
2015,2,13,0,28
2015,2,14,0,33.75
2015,2,15,0,34.25
2015,2,16,0,22.25
2015,2,17,0,20.75
2015,2,18,0,22.75
2015,2,19,0,26.25
2015,2,20,0,30
2015,2,21,0,31
2015,2,22,0,30.75
2015,2,23,0,24.5
2015,2,24,0,19.75
2015,2,25,0,20.5
2015,2,26,0,22
2015,2,27,0,26
2015,2,28,0,29.5
2015,3,1,0,20.25
2015,3,2,0,21.75
2015,3,3,0,21.5
2015,3,4,0,18.25
2015,3,5,0,19.25
2015,3,6,0,18
2015,3,7,0,19.75
2015,3,8,0,20.25
2015,3,9,0.1,20.25
2015,3,10,0,18.25
2015,3,11,0,18.25
2015,3,12,0,18.75
2015,3,13,0,19.5
2015,3,14,0,19.75
2015,3,15,0,20.5
2015,3,16,0,24
2015,3,17,0.3,23.5
2015,3,18,1.8,22.75
2015,3,19,0,23.25
2015,3,20,0,19.5
2015,3,21,0,19.5
2015,3,22,0,22
2015,3,23,0,21.25
2015,3,24,0.3,15.25
2015,3,25,0,16
2015,3,26,1,16
2015,3,27,0,16.25
2015,3,28,0,15.75
2015,3,29,0,18.75
2015,3,30,0,18.5
2015,3,31,0,22
2015,4,1,0,24.5
2015,4,2,0,17.5
2015,4,3,0,17.5
2015,4,4,0,17
2015,4,5,0,17.5
2015,4,6,13.4,13.5
2015,4,7,11,13.5
2015,4,8,0.1,14.5
2015,4,9,0,14
2015,4,10,0,15
2015,4,11,0,16.75
2015,4,12,0,18.75
2015,4,13,0,21
2015,4,14,0,21.75
2015,4,15,0,18
2015,4,16,2.4,16.25
2015,4,17,8,15
2015,4,18,0.3,16
2015,4,19,2.4,11.75
2015,4,20,0.5,10.25
2015,4,21,0,13.75
2015,4,22,0,13.25
2015,4,23,0,14.5
2015,4,24,0.2,14.75
2015,4,25,8.5,12.75
2015,4,26,0.6,12
2015,4,27,0.1,14.25
2015,4,28,0,12.25
2015,4,29,0,13
2015,4,30,0,14.75
2015,5,1,0,14.25
2015,5,2,0,17.25
2015,5,3,0,15
2015,5,4,0,19.75
2015,5,5,2.7,13.5
2015,5,6,0.4,14.5
2015,5,7,3.7,13.75
2015,5,8,0.2,14
2015,5,9,4.5,15.25
2015,5,10,3.2,16.25
2015,5,11,1.7,15.5
2015,5,12,2.3,15
2015,5,13,2.3,10
2015,5,14,0,9.75
2015,5,15,0.1,10.75
2015,5,16,0,11
2015,5,17,0,13
2015,5,18,0,16
2015,5,19,24.6,16.25
2015,5,20,1.7,13.25
2015,5,21,1.6,10.5
2015,5,22,1,10.5
2015,5,23,0,11
2015,5,24,0,10.5
2015,5,25,0,15
2015,5,26,0,16.5
2015,5,27,0,15
2015,5,28,0,13.5
2015,5,29,0.6,13.75
2015,5,30,0,11.75
2015,5,31,4.4,13
2015,6,1,1.7,10.75
2015,6,2,0,9
2015,6,3,0,10.5
2015,6,4,0.8,12.75
2015,6,5,0.6,14
2015,6,6,0,13
2015,6,7,0,13.5
2015,6,8,0,14
2015,6,9,2.3,13.25
2015,6,10,1.2,10.25
2015,6,11,0,7.75
2015,6,12,0,10.75
2015,6,13,0,14.25
2015,6,14,0,14.75
2015,6,15,1.1,14
2015,6,16,0.8,12.5
2015,6,17,0.4,12.5
2015,6,18,0.7,13
2015,6,19,0,9.25
2015,6,20,0,9
2015,6,21,0,9
2015,6,22,1.3,13.5
2015,6,23,2.5,13.75
2015,6,24,4.1,11
2015,6,25,0.4,11
2015,6,26,0,12.75
2015,6,27,0,8.25
2015,6,28,0,9.5
2015,6,29,0,7.75
2015,6,30,0,10.25
2015,7,1,0,8.75
2015,7,2,0,12
2015,7,3,0,8.25
2015,7,4,0,10.5
2015,7,5,0,11.25
2015,7,6,5,12.5
2015,7,7,1.2,12.5
2015,7,8,0.5,12
2015,7,9,0.1,14.25
2015,7,10,2.4,13
2015,7,11,10.6,9.75
2015,7,12,3.6,9.75
2015,7,13,2.1,11.25
2015,7,14,1.7,11
2015,7,15,2.8,8.25
2015,7,16,0.4,9
2015,7,17,0,8
2015,7,18,0.3,9
2015,7,19,0,7
2015,7,20,0,6.5
2015,7,21,0,9
2015,7,22,2.9,11.5
2015,7,23,0.1,9.5
2015,7,24,0.1,12.25
2015,7,25,2.6,12
2015,7,26,13.6,10.25
2015,7,27,1,7.75
2015,7,28,1.9,9
2015,7,29,0,9.75
2015,7,30,0,12
2015,7,31,0.8,9.25
2015,8,1,11.7,9.75
2015,8,2,10.3,10.75
2015,8,3,2.2,11.75
2015,8,4,1.2,9
2015,8,5,3.6,11
2015,8,6,0.7,10
2015,8,7,0.1,10.25
2015,8,8,0,9.5
2015,8,9,0,13.25
2015,8,10,0,12.25
2015,8,11,2.4,12
2015,8,12,5.6,9.75
2015,8,13,1.5,12.75
2015,8,14,0.6,13
2015,8,15,1.5,12.75
2015,8,16,0,11
2015,8,17,0,11.5
2015,8,18,0.6,11.25
2015,8,19,0,12.75
2015,8,20,0,17
2015,8,21,1.5,16.5
2015,8,22,0.3,13
2015,8,23,0,10.5
2015,8,24,0,11.5
2015,8,25,0,11.25
2015,8,26,0,10.75
2015,8,27,0.1,8.75
2015,8,28,0.6,8.75
2015,8,29,0,8.5
2015,8,30,0,10.75
2015,8,31,0,11.25
2015,9,1,0.1,14.5
2015,9,2,6.9,12.25
2015,9,3,11.7,12.25
2015,9,4,0.2,9.25
2015,9,5,0,10.5
2015,9,6,0,13.75
2015,9,7,1.8,11.75
2015,9,8,1.6,13.75
2015,9,9,1.7,13
2015,9,10,0,12.5
2015,9,11,0,17.75
2015,9,12,0,20.5
2015,9,13,0,21.75
2015,9,14,0,14.75
2015,9,15,0.2,13
2015,9,16,0.3,11.75
2015,9,17,2.8,10.75
2015,9,18,0,10.5
2015,9,19,0,12.25
2015,9,20,0,16.5
2015,9,21,0.2,13.25
2015,9,22,0.4,11.75
2015,9,23,0,9.75
2015,9,24,0,11.5
2015,9,25,0,13.75
2015,9,26,0,14
2015,9,27,0,15
2015,9,28,0,13.5
2015,9,29,0,10
2015,9,30,0,13.5
2015,10,1,0,15.5
2015,10,2,0,19
2015,10,3,0,23.75
2015,10,4,0,21.75
2015,10,5,0,24.25
2015,10,6,0,20.25
2015,10,7,0,16.25
2015,10,8,0,21.25
2015,10,9,0,23.75
2015,10,10,0,23.25
2015,10,11,0,18.25
2015,10,12,0,16.5
2015,10,13,0,14.25
2015,10,14,0,17.75
2015,10,15,0,26.5
2015,10,16,0.2,19.5
2015,10,17,5,18.75
2015,10,18,0,20
2015,10,19,0,26.25
2015,10,20,0,22.75
2015,10,21,4.3,17.5
2015,10,22,0,16.5
2015,10,23,0,16.75
2015,10,24,0,23.5
2015,10,25,0,22.75
2015,10,26,0,17.75
2015,10,27,0,17.25
2015,10,28,0,20
2015,10,29,0,22.75
2015,10,30,0,21.5
2015,10,31,0,21.25
2015,11,1,0,19.5
2015,11,2,0,19
2015,11,3,0,22
2015,11,4,7.8,21.5
2015,11,5,6.7,18.25
2015,11,6,0.9,17.75
2015,11,7,0,19
2015,11,8,0,24.75
2015,11,9,0,27.25
2015,11,10,0,23.25
2015,11,11,0,21.5
2015,11,12,0,20.25
2015,11,13,0,17
2015,11,14,0,15.75
2015,11,15,0,18.5
2015,11,16,0,20.25
2015,11,17,0,24
2015,11,18,0,28
2015,11,19,0,28.75
2015,11,20,0,20.5
2015,11,21,0,17.75
2015,11,22,0,14.5
2015,11,23,0,17.75
2015,11,24,0,19.75
2015,11,25,0,25
2015,11,26,2.8,16
2015,11,27,0,13.75
2015,11,28,0,16
2015,11,29,0,21
2015,11,30,0,27
2015,12,1,0.6,17.25
2015,12,2,0.5,13.5
2015,12,3,0,19.25
2015,12,4,0,24.5
2015,12,5,0,29.25
2015,12,6,0,31.75
2015,12,7,0,34.75
2015,12,8,6,21.75
2015,12,9,0,21
2015,12,10,0,19.5
2015,12,11,0,19
2015,12,12,0,16
2015,12,13,0,22.25
2015,12,14,0,26.5
2015,12,15,0,28.25
2015,12,16,0.2,31
2015,12,17,0,32.25
2015,12,18,0,30
2015,12,19,0,34.5
2015,12,20,2.7,21.75
2015,12,21,1.2,19
2015,12,22,0,22.75
2015,12,23,0,24.5
2015,12,24,0,28.25
2015,12,25,0,30.5
2015,12,26,0.7,19
2015,12,27,0,18.25
2015,12,28,0,22.25
2015,12,29,0,24.25
2015,12,30,0,28.75
2015,12,31,0,29.75
2016,1,1,0,25.75
2016,1,2,0,22.5
2016,1,3,0,22
2016,1,4,0,24.25
2016,1,5,0,22.5
2016,1,6,0,23.5
2016,1,7,0,24.75
2016,1,8,0,22
2016,1,9,0,24.25
2016,1,10,0,27.75
2016,1,11,0,30.25
2016,1,12,0,29.75
2016,1,13,0,28.75
2016,1,14,0,21.25
2016,1,15,0,20
2016,1,16,0,22.5
2016,1,17,0,25
2016,1,18,0,27.5
2016,1,19,0,29
2016,1,20,0,29
2016,1,21,0,29.5
2016,1,22,2.4,26
2016,1,23,0,22.5
2016,1,24,0,21.5
2016,1,25,0,22.75
2016,1,26,0,25
2016,1,27,0,27
2016,1,28,0,22.25
2016,1,29,9.4,16.75
2016,1,30,9.3,19.25
2016,1,31,0,20.25
2016,2,1,0.8,24
2016,2,2,7.7,22.5
2016,2,3,4.4,20.25
2016,2,4,0,20.5
2016,2,5,0,21
2016,2,6,0,24.25
2016,2,7,0,23.5
2016,2,8,0,22.75
2016,2,9,0,25.25
2016,2,10,0,25.25
2016,2,11,0,24.5
2016,2,12,0,23.75
2016,2,13,0,22.5
2016,2,14,0,20.25
2016,2,15,0,19.5
2016,2,16,0.8,19.75
2016,2,17,0,18.75
2016,2,18,0,20.25
2016,2,19,0,20
2016,2,20,0,20.25
2016,2,21,0,26.25
2016,2,22,0,30.5
2016,2,23,0,29.25
2016,2,24,0,25.75
2016,2,25,0,22.75
2016,2,26,0.2,19.25
2016,2,27,0,19
2016,2,28,0,20.5
2016,2,29,0,22
2016,3,1,0,24.75
2016,3,2,0,25.25
2016,3,3,0,24.25
2016,3,4,0,24.25
2016,3,5,0,28.25
2016,3,6,0.4,30.5
2016,3,7,9.1,26.25
2016,3,8,0,29.25
2016,3,9,0,26.25
2016,3,10,21,25
2016,3,11,0.2,25.75
2016,3,12,0,25.25
2016,3,13,0,24.75
2016,3,14,0,22.75
2016,3,15,0,22.75
2016,3,16,0,25
2016,3,17,0,28.5
2016,3,18,4.1,18.75
2016,3,19,0,16.75
2016,3,20,0,17.25
2016,3,21,0,18
2016,3,22,0,20.5
2016,3,23,0,21
2016,3,24,0,23
2016,3,25,3.1,18.25
2016,3,26,0,16.75
2016,3,27,0,18.25
2016,3,28,0,18.75
2016,3,29,0,18.25
2016,3,30,0,14
2016,3,31,0,16.25
2016,4,1,0,21.75
2016,4,2,0,18.75
2016,4,3,0,16.75
2016,4,4,0,18.25
2016,4,5,0,21.25
2016,4,6,3.9,17
2016,4,7,0.1,13.5
2016,4,8,0,14.5
2016,4,9,0,15.5
2016,4,10,0,17.75
2016,4,11,0.1,18.75
2016,4,12,0,16
2016,4,13,0,16.25
2016,4,14,0,18.5
2016,4,15,0,20.25
2016,4,16,0,16.75
2016,4,17,0,16.5
2016,4,18,0,16
2016,4,19,0,20.75
2016,4,20,0,23.25
2016,4,21,0.1,19.25
2016,4,22,0,15.75
2016,4,23,0,13.75
2016,4,24,0,16.75
2016,4,25,0,18.5
2016,4,26,0,21.25
2016,4,27,0,24.25
2016,4,28,0,21.25
2016,4,29,4,20.25
2016,4,30,0,19.25
2016,5,1,4.2,15.75
2016,5,2,0.4,16
2016,5,3,0.6,17.25
2016,5,4,2.6,14.5
2016,5,5,0,18.75
2016,5,6,0,18
2016,5,7,0,17.75
2016,5,8,0.3,18
2016,5,9,0.6,16
2016,5,10,10,16.25
2016,5,11,0.8,15.75
2016,5,12,6.4,16.5
2016,5,13,0.2,15.5
2016,5,14,0.1,17.5
2016,5,15,0,17
2016,5,16,1.2,16
2016,5,17,1.2,15.75
2016,5,18,0,14
2016,5,19,0,15
2016,5,20,0.1,16.75
2016,5,21,0,18.75
2016,5,22,0,20.5
2016,5,23,3.3,15
2016,5,24,0.3,15
2016,5,25,2.2,13
2016,5,26,25.8,14.5
2016,5,27,5.5,13.25
2016,5,28,12.6,12.5
2016,5,29,0,12
2016,5,30,0.6,14
2016,5,31,0.7,14.75
2016,6,1,0.9,14.75
2016,6,2,0.2,14.5
2016,6,3,2.5,11.5
2016,6,4,0.1,10.5
2016,6,5,0.4,12.75
2016,6,6,6.7,13.5
2016,6,7,1.8,13.25
2016,6,8,2.5,14.75
2016,6,9,4.4,14
2016,6,10,2.5,14
2016,6,11,2.2,11.5
2016,6,12,0,10
2016,6,13,0,8
2016,6,14,0.1,12.75
2016,6,15,0,14
2016,6,16,2.5,14.25
2016,6,17,4.6,14.25
2016,6,18,0.4,13
2016,6,19,0,11
2016,6,20,0.8,10
2016,6,21,2.1,12
2016,6,22,3.5,13
2016,6,23,0.2,12.25
2016,6,24,13.6,10.5
2016,6,25,0.4,8.5
2016,6,26,0,11.25
2016,6,27,2.4,11.5
2016,6,28,0,11.5
2016,6,29,0.1,9.5
2016,6,30,1.1,12.25
2016,7,1,5.7,10
2016,7,2,0.9,12.25
2016,7,3,0,12.5
2016,7,4,0.3,10
2016,7,5,28.7,10.25
2016,7,6,1.5,10
2016,7,7,2.5,9.25
2016,7,8,0,8.5
2016,7,9,0,9
2016,7,10,5.4,13.25
2016,7,11,0.7,12.75
2016,7,12,4.9,9.5
2016,7,13,11.7,9.75
2016,7,14,0.1,8.75
2016,7,15,0,9.75
2016,7,16,0,8.5
2016,7,17,0,10
2016,7,18,0,13
2016,7,19,0,13
2016,7,20,0.5,14.5
2016,7,21,0,17.5
2016,7,22,0.7,14.25
2016,7,23,10.3,11
2016,7,24,0.2,9.25
2016,7,25,8.5,10.25
2016,7,26,4.9,9.5
2016,7,27,12.1,11.5
2016,7,28,0.4,11.5
2016,7,29,0,12
2016,7,30,0,12.5
2016,7,31,1.8,13.75
2016,8,1,16.2,13
2016,8,2,0.8,9
2016,8,3,0.1,9.5
2016,8,4,0,8.5
2016,8,5,0,8.5
2016,8,6,0,9.5
2016,8,7,0,11.5
2016,8,8,0,15.25
2016,8,9,0.4,15.75
2016,8,10,3.2,12
2016,8,11,4.2,10.25
2016,8,12,0,12.25
2016,8,13,0,11
2016,8,14,0.1,11
2016,8,15,0,11.75
2016,8,16,0,15.25
2016,8,17,1.7,13.5
2016,8,18,2.1,18
2016,8,19,15.5,11.25
2016,8,20,3.4,11.5
2016,8,21,0,11.75
2016,8,22,0,10
2016,8,23,0,9.5
2016,8,24,0.4,10.5
2016,8,25,0.3,8.75
2016,8,26,0,9.5
2016,8,27,0,11
2016,8,28,0,14.75
2016,8,29,0.3,16.75
2016,8,30,6.7,16.25
2016,8,31,0.6,13.75
2016,9,1,1.2,14
2016,9,2,1.1,13
2016,9,3,1.2,12
2016,9,4,1.4,12.25
2016,9,5,0,12.75
2016,9,6,0,14.25
2016,9,7,0,16.75
2016,9,8,1.4,17.75
2016,9,9,23.2,13.75
2016,9,10,0.5,13
2016,9,11,0,11.25
2016,9,12,0,11.75
2016,9,13,2.5,11.75
2016,9,14,6.9,10.25
2016,9,15,11.3,12.25
2016,9,16,3,12.5
2016,9,17,0,15.5
2016,9,18,1.6,10.75
2016,9,19,1.1,11
2016,9,20,0.1,14
2016,9,21,1.8,12.5
2016,9,22,0,11.25
2016,9,23,0,12.5
2016,9,24,3.2,14.25
2016,9,25,2.5,11.75
2016,9,26,0.2,12
2016,9,27,0.1,11.5
2016,9,28,0,12.5
2016,9,29,27.6,11.75
2016,9,30,21.7,12.75
2016,10,1,1.6,15.25
2016,10,2,0,16
2016,10,3,3.9,12
2016,10,4,15.2,13.25
2016,10,5,0.5,13.25
2016,10,6,0,19.5
2016,10,7,0,19
2016,10,8,0,17
2016,10,9,0,20.5
2016,10,10,0.9,14.25
2016,10,11,0.9,13
2016,10,12,1,13.5
2016,10,13,0.5,12.25
2016,10,14,0,17
2016,10,15,0,21
2016,10,16,0.2,14.25
2016,10,17,9.3,12
2016,10,18,5.2,13
2016,10,19,2,11.75
2016,10,20,0.1,19.75
2016,10,21,8,13.5
2016,10,22,0.1,10.75
2016,10,23,0,11
2016,10,24,0,14.5
2016,10,25,0,20
2016,10,26,0,16.5
2016,10,27,0,13.75
2016,10,28,0,14
2016,10,29,0,18.5
2016,10,30,0,16.75
2016,10,31,0.5,14
2016,11,1,0,14.75
2016,11,2,0.1,13.75
2016,11,3,0,16
2016,11,4,0,18.25
2016,11,5,0,15.25
2016,11,6,0,17
2016,11,7,0,20.5
2016,11,8,0,14.25
2016,11,9,0,15.25
2016,11,10,0,17
2016,11,11,0,23
2016,11,12,3.5,17.5
2016,11,13,17.4,15
2016,11,14,1.4,15
2016,11,15,0,14.25
2016,11,16,0,18.5
2016,11,17,0,26
2016,11,18,0,21
2016,11,19,0,22.25
2016,11,20,0,25.5
2016,11,21,0,27
2016,11,22,0.2,16.75
2016,11,23,0.6,14.5
2016,11,24,0,13.75
2016,11,25,0,15.75
2016,11,26,0,16.25
2016,11,27,0,18
2016,11,28,0,19.75
2016,11,29,0,18.75
2016,11,30,0,17
2016,12,1,0,17.5
2016,12,2,0,17.25
2016,12,3,0,21
2016,12,4,0,23.25
2016,12,5,2.6,17.75
2016,12,6,0,17.25
2016,12,7,0,21.5
2016,12,8,7.1,18
2016,12,9,0.1,16.25
2016,12,10,0,17.5
2016,12,11,0,21
2016,12,12,0,25.5
2016,12,13,0,29.25
2016,12,14,0.8,20
2016,12,15,0,18.25
2016,12,16,0,18
2016,12,17,0.3,17.75
2016,12,18,0.3,17.75
2016,12,19,0,27
2016,12,20,0.5,18.75
2016,12,21,0.1,19.25
2016,12,22,0.2,23.75
2016,12,23,0,30
2016,12,24,0,26.25
2016,12,25,0,28.25
2016,12,26,0.3,24.5
2016,12,27,2.9,25.75
2016,12,28,58.5,26.5
2016,12,29,1.7,24.25
2016,12,30,0,21
2016,12,31,0,21.25
